-- phpMyAdmin SQL Dump
-- version 4.2.13.3
-- http://www.phpmyadmin.net
--
-- Host: db4553.mydbserver.com
-- Erstellungszeit: 15. Aug 2017 um 09:58
-- Server Version: 5.6.33
-- PHP-Version: 5.3.29

SET SQL_MODE = "NO_AUTO_VALUE_ON_ZERO";
SET time_zone = "+00:00";


/*!40101 SET @OLD_CHARACTER_SET_CLIENT=@@CHARACTER_SET_CLIENT */;
/*!40101 SET @OLD_CHARACTER_SET_RESULTS=@@CHARACTER_SET_RESULTS */;
/*!40101 SET @OLD_COLLATION_CONNECTION=@@COLLATION_CONNECTION */;
/*!40101 SET NAMES utf8 */;

--
-- Datenbank: `usr_p351033_2`
--
    DROP DATABASE IF EXISTS `usr_p351033_2`;
    CREATE DATABASE `usr_p351033_2`;
    USE usr_p351033_2;
-- --------------------------------------------------------

--
-- Tabellenstruktur für Tabelle `category`
--

CREATE TABLE IF NOT EXISTS `category` (
`category_id` int(11) NOT NULL,
  `category_name` varchar(50) NOT NULL,
  `track_length` int(11) NOT NULL,
  `year_of_birth_start` int(11) DEFAULT NULL,
  `year_of_birth_end` int(11) DEFAULT NULL,
  `gender` varchar(20) DEFAULT NULL,
  `fs_event` int(11) NOT NULL
) ENGINE=InnoDB AUTO_INCREMENT=27 DEFAULT CHARSET=latin1;

--
-- Daten für Tabelle `category`
--

INSERT INTO `category` (`category_id`, `category_name`, `track_length`, `year_of_birth_start`, `year_of_birth_end`, `gender`, `fs_event`) VALUES
(8, 'K Piccolo', 50, 2012, 2016, 'Männlich', 14),
(9, 'K1', 50, 2010, 2011, 'Männlich', 14),
(10, 'K2', 50, 2009, 2009, 'Männlich', 14),
(11, 'K3', 50, 2007, 2008, 'Männlich', 14),
(12, 'K4', 60, 2005, 2006, 'Männlich', 14),
(13, 'K5', 60, 2003, 2004, 'Männlich', 14),
(14, 'K6', 80, 2001, 2002, 'Männlich', 14),
(15, 'H7', 80, 1900, 2000, 'Männlich', 14),
(16, 'PH', 77, 1900, 2016, 'Männlich', 14),
(17, 'M Piccolo', 50, 2012, 2016, 'Weiblich', 14),
(18, 'M1', 50, 2010, 2011, 'Weiblich', 14),
(19, 'M2', 50, 2009, 2009, 'Weiblich', 14),
(20, 'M3', 50, 2007, 2008, 'Weiblich', 14),
(21, 'M4', 60, 2005, 2006, 'Weiblich', 14),
(22, 'M5', 60, 2003, 2004, 'Weiblich', 14),
(23, 'M6', 80, 2001, 2002, 'Weiblich', 14),
(24, 'F7', 80, 1900, 2000, 'Weiblich', 14),
(25, 'PF', 77, 1900, 2016, 'Weiblich', 14),
(26, 'Testkategorie', 100, 0, 0, '', 15);

-- --------------------------------------------------------

--
-- Tabellenstruktur für Tabelle `class`
--

CREATE TABLE IF NOT EXISTS `class` (
`class_id` int(11) NOT NULL,
  `class_name` varchar(50) NOT NULL,
  `number_of_students` int(11) NOT NULL,
  `school` varchar(50) NOT NULL,
  `place` varchar(50) NOT NULL,
  `fs_teacher` int(11) NOT NULL,
  `fs_event` int(11) NOT NULL
) ENGINE=InnoDB AUTO_INCREMENT=54 DEFAULT CHARSET=latin1;

--
-- Daten für Tabelle `class`
--

INSERT INTO `class` (`class_id`, `class_name`, `number_of_students`, `school`, `place`, `fs_teacher`, `fs_event`) VALUES
(7, 'KG', 18, 'KG Ausserdorf', 'Eschenbach', 7, 14),
(8, 'KG', 18, 'KG Bürg', 'Bürg', 8, 14),
(9, 'KG', 19, 'KG Kirchacker', 'Eschenbach', 9, 14),
(10, 'KG', 17, 'KG Kirchacker', 'Eschenbach', 10, 14),
(11, 'KG', 19, 'KG Kirchacker', 'Eschenbach', 11, 14),
(12, 'KG', 18, 'KG Sh Kirchacker', 'Eschenbach', 12, 14),
(13, 'KG', 19, 'KG Sh Kirchacker', 'Eschenbach', 13, 14),
(14, 'PS1+2', 19, 'SH Bürg', 'Bürg', 14, 14),
(15, 'PS5', 23, 'SH Kirchacker', 'Eschenbach', 29, 14),
(16, 'Piccolo', 1000, '-', 'Eschenbach', 49, 14),
(17, 'Plausch', 1000, '-', 'Irgendwo', 49, 14),
(18, 'PS1', 18, 'SH Dorf', 'Eschenbach', 15, 14),
(19, 'PS1', 19, 'SH Kirchacker', 'Eschenbach', 16, 14),
(20, 'PS1', 18, 'SH Kirchacker', 'Eschenbach', 17, 14),
(21, 'PS1', 19, 'SH Obergass', 'Eschenbach', 18, 14),
(22, 'PS2', 19, 'SH Kirchacker', 'Eschenbach', 19, 14),
(23, 'PS2', 19, 'SH Kirchacker', 'Eschenbach', 20, 14),
(24, 'PS2', 20, 'SH Kirchacker', 'Eschenbach', 21, 14),
(25, 'PS3+4', 18, 'SH Bürg', 'Bürg', 22, 14),
(26, 'PS3', 17, 'SH Kirchacker', 'Eschenbach', 23, 14),
(27, 'PS3', 21, 'SH Obergass', 'Eschenbach', 24, 14),
(28, 'PS3', 21, 'SH Obergass', 'Eschenbach', 25, 14),
(29, 'PS4', 22, 'SH Dorf', 'Eschenbach', 26, 14),
(30, 'PS4', 16, 'SH Kirchacker', 'Eschenbach', 27, 14),
(31, 'PS4', 22, 'SH Kirchacker', 'Eschenbach', 28, 14),
(32, 'PS5', 23, 'SH Kirchacker', 'Eschenbach', 30, 14),
(33, 'PS5', 23, 'SH Obergass', 'Eschenbach', 31, 14),
(34, 'PS6', 20, 'SH Dorf', 'Eschenbach', 32, 14),
(35, 'PS6', 19, 'SH Dorf', 'Eschenbach', 33, 14),
(36, 'PS6', 21, 'SH Obergass', 'Eschenbach', 34, 14),
(37, 'KG', 17, 'St. Gallenkappel', 'St. Gallenkappel', 41, 14),
(38, 'KG', 21, 'St. Gallenkappel', 'St. Gallenkappel', 42, 14),
(39, 'PS1+2', 19, 'St. Gallenkappel', 'St. Gallenkappel', 43, 14),
(40, 'PS1+2', 16, 'Walde', 'Walde', 44, 14),
(41, 'PS2+3', 20, 'St. Gallenkappel', 'St. Gallenkappel', 45, 14),
(42, 'PS4', 24, 'St. Gallenkappel', 'St. Gallenkappel', 46, 14),
(43, 'PS5', 23, 'Walde', 'Walde', 47, 14),
(44, 'PS6', 23, 'St. Gallenkappel', 'St. Gallenkappel', 48, 14),
(45, 'KG1+2', 24, 'Schulhaus Goldingen', 'Goldingen', 35, 14),
(46, 'PS1+2', 24, 'Schulhaus Goldingen', 'Goldingen', 36, 14),
(47, 'PS3', 16, 'Schulhaus Goldingen', 'Goldingen', 37, 14),
(48, 'PS4', 22, 'Schulhaus Goldingen', 'Goldingen', 38, 14),
(49, 'PS5', 13, 'Schulhaus Goldingen', 'Goldingen', 39, 14),
(50, 'PS6', 14, 'Schulhaus Goldingen', 'Goldingen', 40, 14),
(51, 'Oberstufe', 1000, 'ESGO', 'Eschenbach', 49, 14),
(52, 'Erwachsene', 1000, '-', 'Eschenbach', 49, 14),
(53, 'Testklasse', 10, 'Testschule', 'Eschenbach', 29, 15);

-- --------------------------------------------------------

--
-- Tabellenstruktur für Tabelle `event`
--

CREATE TABLE IF NOT EXISTS `event` (
`event_id` int(11) NOT NULL,
  `event_name` varchar(100) NOT NULL,
  `year` int(11) NOT NULL
) ENGINE=InnoDB AUTO_INCREMENT=16 DEFAULT CHARSET=latin1;

--
-- Daten für Tabelle `event`
--

INSERT INTO `event` (`event_id`, `event_name`, `year`) VALUES
(14, 'De schnellscht Eschebacher', 2016),
(15, 'Testanlass2', 2017);

-- --------------------------------------------------------

--
-- Tabellenstruktur für Tabelle `laptimes`
--

CREATE TABLE IF NOT EXISTS `laptimes` (
`laptime_id` int(11) NOT NULL,
  `first_lap` float DEFAULT NULL,
  `second_lap` float DEFAULT NULL,
  `fs_participant` int(11) NOT NULL
) ENGINE=InnoDB AUTO_INCREMENT=422 DEFAULT CHARSET=latin1;

--
-- Daten für Tabelle `laptimes`
--

INSERT INTO `laptimes` (`laptime_id`, `first_lap`, `second_lap`, `fs_participant`) VALUES
(7, 12.18, 11.86, 172),
(8, 15.02, NULL, 173),
(9, 14.26, 13.19, 174),
(10, 14.3, 13.14, 175),
(11, 16.2, NULL, 23),
(12, 14.16, NULL, 24),
(13, 11.69, 11.56, 25),
(14, 0, NULL, 26),
(15, 0, NULL, 169),
(16, 0, NULL, 170),
(17, 0, NULL, 171),
(18, 0, NULL, 176),
(19, 13.7, 13.09, 177),
(20, 13.28, 12.9, 27),
(21, 14.38, NULL, 28),
(22, 0, NULL, 29),
(23, 17.79, NULL, 312),
(24, 14.28, NULL, 30),
(25, 13.29, NULL, 309),
(26, 20.15, NULL, 318),
(27, 20.37, NULL, 314),
(28, 21.62, NULL, 320),
(29, 14.8, NULL, 317),
(30, 30.58, NULL, 322),
(31, 12.79, 12.85, 324),
(32, 0, NULL, 326),
(33, 0, NULL, 327),
(34, 19.23, NULL, 330),
(35, 13.29, NULL, 331),
(36, 19.12, NULL, 328),
(37, 16.9, NULL, 332),
(38, 17.19, NULL, 333),
(39, 16.01, NULL, 340),
(40, 15.8, NULL, 337),
(41, 24.34, NULL, 338),
(42, 16.46, NULL, 341),
(43, 14.65, NULL, 343),
(44, 16.72, NULL, 342),
(45, 22.18, NULL, 345),
(46, 15.72, NULL, 346),
(47, 13.26, 12.06, 348),
(48, 0, NULL, 347),
(49, 15.77, NULL, 355),
(50, 27.97, NULL, 349),
(51, 0, NULL, 360),
(52, 24.31, NULL, 352),
(53, 21.52, NULL, 353),
(54, 23.99, NULL, 356),
(55, 17.63, NULL, 358),
(56, 0, NULL, 31),
(57, 0, NULL, 32),
(58, 12.45, NULL, 33),
(59, 0, NULL, 34),
(60, 12.2, NULL, 35),
(61, 11.54, NULL, 36),
(62, 12.37, NULL, 37),
(63, 12.96, NULL, 38),
(64, 12.33, NULL, 39),
(65, 12.92, NULL, 40),
(66, 11.38, NULL, 41),
(67, 17.97, NULL, 42),
(68, 11.71, NULL, 43),
(69, 12.36, NULL, 44),
(70, 11.55, NULL, 45),
(71, 12.82, NULL, 46),
(72, 14.87, NULL, 47),
(73, 12.74, NULL, 48),
(74, 11.83, NULL, 49),
(75, 11.86, NULL, 50),
(76, 11.15, NULL, 51),
(77, 11.36, NULL, 52),
(78, 10.33, 10.12, 53),
(79, 12.79, NULL, 54),
(80, 10.48, NULL, 55),
(81, 10.68, NULL, 56),
(82, 11.71, NULL, 57),
(83, 11.62, NULL, 58),
(84, 10.69, NULL, 59),
(85, 11.07, NULL, 60),
(86, 0, NULL, 61),
(87, 11.98, NULL, 62),
(88, 19.56, NULL, 63),
(89, 9.53, 9.39, 64),
(90, 10.26, 10.32, 65),
(91, 10.68, NULL, 66),
(92, 11.2, NULL, 67),
(93, 10.59, NULL, 68),
(94, 11.62, NULL, 69),
(95, 0, NULL, 70),
(96, 10.29, 10.49, 71),
(97, 11.21, NULL, 72),
(98, 10.67, NULL, 73),
(99, 11.6, NULL, 179),
(100, 12.19, NULL, 315),
(101, 10.88, NULL, 316),
(102, 13.57, NULL, 319),
(103, 10.59, NULL, 334),
(104, 13.52, NULL, 364),
(105, 13.48, NULL, 373),
(106, 13.28, NULL, 178),
(107, 11.91, NULL, 180),
(108, 0, NULL, 181),
(109, 13.74, NULL, 182),
(110, 14.74, NULL, 183),
(111, 12.62, NULL, 184),
(112, 12.56, NULL, 185),
(113, 11.67, NULL, 186),
(114, 14.71, NULL, 187),
(115, 11.56, NULL, 188),
(116, 14.32, NULL, 189),
(117, 11.95, NULL, 190),
(118, 14.49, NULL, 191),
(119, 0, NULL, 192),
(120, 12.23, NULL, 193),
(121, 11.76, NULL, 194),
(122, 12.46, NULL, 195),
(123, 12.96, NULL, 196),
(124, 11.43, NULL, 197),
(125, 11.58, NULL, 198),
(126, 11.27, 10.93, 199),
(127, 12.88, NULL, 200),
(128, 11.45, NULL, 201),
(129, 12.18, NULL, 202),
(130, 0, NULL, 203),
(131, 11.78, NULL, 204),
(132, 11.4, NULL, 205),
(133, 0, NULL, 206),
(134, 11.64, NULL, 207),
(135, 11.84, NULL, 208),
(136, 13.14, NULL, 209),
(137, 12.64, NULL, 321),
(138, 14.48, NULL, 329),
(139, 11.01, 10.46, 335),
(140, 12.42, NULL, 354),
(141, 12.98, NULL, 357),
(142, 10.6, 10.41, 361),
(143, 10.76, 10.05, 363),
(144, 15.36, NULL, 366),
(145, 0, NULL, 367),
(146, 12.98, NULL, 369),
(147, 10.57, NULL, 210),
(148, 11.34, NULL, 211),
(149, 10.77, NULL, 212),
(150, 12.47, NULL, 213),
(151, 9.88, 9.51, 214),
(152, 11.52, NULL, 215),
(153, 11.9, NULL, 216),
(154, 10.07, NULL, 217),
(155, 10.87, NULL, 218),
(156, 10.68, NULL, 219),
(157, 10.44, NULL, 220),
(158, 9.31, 9.14, 221),
(159, 11.16, NULL, 222),
(160, 10.02, 9.88, 223),
(161, 11.21, NULL, 224),
(162, 10.27, NULL, 225),
(163, 9.6, 9.46, 226),
(164, 10.45, NULL, 227),
(165, 10.49, NULL, 228),
(166, 10.14, NULL, 229),
(167, 10.76, NULL, 230),
(168, 10.81, NULL, 231),
(169, 0, NULL, 232),
(170, 10.26, NULL, 374),
(171, 10.71, NULL, 376),
(172, 10.25, NULL, 238),
(173, 10.31, NULL, 74),
(174, 12.54, NULL, 75),
(175, 10.51, NULL, 76),
(176, 9.85, 9.36, 77),
(177, 11.9, NULL, 78),
(178, 11.52, NULL, 79),
(179, 10.06, NULL, 80),
(180, 10.67, NULL, 81),
(181, 10.95, NULL, 82),
(182, 10.15, NULL, 83),
(183, 11.72, NULL, 84),
(184, 0, NULL, 85),
(185, 10.99, NULL, 86),
(186, 10.96, NULL, 87),
(187, 9.71, 9.41, 88),
(188, 11.14, NULL, 89),
(189, 12.12, NULL, 90),
(190, 9.81, 9.7, 91),
(191, 10.5, NULL, 92),
(192, 9.99, 9.75, 308),
(193, 9.78, NULL, 93),
(194, 10.38, NULL, 94),
(195, 9.73, NULL, 95),
(196, 9.33, NULL, 96),
(197, 9.37, NULL, 97),
(198, 9.63, NULL, 98),
(199, 8.67, NULL, 99),
(200, 9.68, NULL, 100),
(201, 11.61, NULL, 101),
(202, 9.15, NULL, 102),
(203, 9.9, NULL, 103),
(204, 9.95, NULL, 104),
(205, 9.4, NULL, 105),
(206, 10.08, NULL, 106),
(207, 11.74, NULL, 107),
(208, 9.7, NULL, 108),
(209, 9.32, NULL, 109),
(210, 9.27, NULL, 110),
(211, 9.12, NULL, 111),
(212, 10.24, NULL, 112),
(213, 9.3, NULL, 113),
(214, 8.39, 8.36, 114),
(215, 9.08, NULL, 115),
(216, 9.52, NULL, 116),
(217, 0, NULL, 117),
(218, 9.6, NULL, 118),
(219, 9.55, NULL, 119),
(220, 10.14, NULL, 120),
(221, 10.73, NULL, 121),
(222, 8.93, NULL, 122),
(223, 9.43, NULL, 123),
(224, 8.72, NULL, 124),
(225, 10.98, NULL, 125),
(226, 8.48, 8.56, 126),
(227, 0, NULL, 127),
(228, 8.67, NULL, 128),
(229, 8.18, 8.15, 129),
(230, 9.26, NULL, 130),
(231, 0, NULL, 131),
(232, 11.53, NULL, 313),
(233, 8.89, NULL, 325),
(234, 10.09, NULL, 350),
(235, 8.85, NULL, 362),
(236, 11.41, NULL, 365),
(237, 8.59, 8.41, 378),
(238, 11.19, NULL, 233),
(239, 9.84, NULL, 234),
(240, 10.35, NULL, 235),
(241, 10.4, NULL, 236),
(242, 10.14, NULL, 237),
(243, 10.3, NULL, 239),
(244, 9.7, NULL, 240),
(245, 9.43, NULL, 241),
(246, 10.04, NULL, 242),
(247, 10.02, NULL, 243),
(248, 9.98, NULL, 244),
(249, 9.99, NULL, 245),
(250, 10.08, NULL, 246),
(251, 9.73, NULL, 247),
(252, 0, NULL, 248),
(253, 10.84, NULL, 249),
(254, 9.55, NULL, 250),
(255, 9.9, NULL, 251),
(256, 10.07, NULL, 252),
(257, 9.39, NULL, 253),
(258, 11.81, NULL, 254),
(259, 0, NULL, 255),
(260, 9.6, NULL, 256),
(261, 9.65, NULL, 257),
(262, 9.38, NULL, 258),
(263, 10.57, NULL, 259),
(264, 9.71, NULL, 260),
(265, 9.14, NULL, 261),
(266, 9.05, NULL, 262),
(267, 10.51, NULL, 263),
(268, 10.03, NULL, 264),
(269, 9.75, NULL, 265),
(270, 8.91, 8.62, 268),
(271, 9.21, NULL, 269),
(272, 8.86, 8.58, 270),
(273, 9.27, NULL, 271),
(274, 8.83, 8.67, 272),
(275, 9.11, NULL, 273),
(276, 8.15, 8.17, 274),
(277, 10.08, NULL, 275),
(278, 9.02, NULL, 276),
(279, 10.51, NULL, 370),
(280, 10.27, NULL, 132),
(281, 10.01, NULL, 133),
(282, 11.03, NULL, 134),
(283, 9.95, 9.85, 135),
(284, 11.1, NULL, 277),
(285, 11.64, NULL, 136),
(286, 10.18, NULL, 137),
(287, 11.05, NULL, 278),
(288, 12.29, NULL, 138),
(289, 10.59, NULL, 279),
(290, 10.56, NULL, 139),
(291, 10.64, NULL, 140),
(292, 10.07, NULL, 141),
(293, 10.54, NULL, 280),
(294, 10.27, NULL, 142),
(295, 10.72, NULL, 281),
(296, 11.5, NULL, 143),
(297, 11.49, NULL, 282),
(298, 10.89, NULL, 144),
(299, 10.94, NULL, 145),
(300, 10.07, 9.77, 283),
(301, 10.14, NULL, 146),
(302, 11.16, NULL, 284),
(303, 9.51, 9.31, 147),
(304, 10.31, NULL, 148),
(305, 10.93, NULL, 285),
(306, 10.15, NULL, 149),
(307, 11.24, NULL, 286),
(308, 10.11, NULL, 150),
(309, 9.89, 9.89, 151),
(310, 10.56, NULL, 287),
(311, 10.04, NULL, 152),
(312, 9.58, 9.26, 153),
(313, 11.29, NULL, 288),
(314, 10.25, NULL, 154),
(315, 10.2, NULL, 289),
(316, 10.3, NULL, 155),
(317, 0, NULL, 290),
(318, 10.97, NULL, 156),
(319, 10.99, NULL, 157),
(320, 11.01, NULL, 371),
(321, 10.86, NULL, 291),
(322, 11.26, NULL, 292),
(323, 10.23, NULL, 293),
(324, 11.7, NULL, 294),
(325, 10, 9.66, 295),
(326, 11, NULL, 296),
(327, 10.53, NULL, 297),
(328, 10.26, NULL, 298),
(329, 10.06, 9.74, 299),
(330, 0, NULL, 300),
(331, 10.58, NULL, 301),
(332, 10.3, NULL, 302),
(333, 10.88, NULL, 336),
(334, 9.85, 9.69, 359),
(335, 10.23, NULL, 381),
(336, 9.63, NULL, 158),
(337, 10.6, NULL, 159),
(338, 11.13, NULL, 160),
(339, 11.85, NULL, 161),
(340, 15.51, NULL, 162),
(341, 11.96, NULL, 163),
(342, 10.74, NULL, 164),
(343, 11.37, NULL, 165),
(344, 0, NULL, 166),
(345, 10.4, NULL, 167),
(346, 8.92, 8.76, 168),
(347, 9.35, 9.13, 339),
(348, 9.07, 9.07, 351),
(349, 9.53, NULL, 375),
(350, 9.57, NULL, 377),
(351, 9.25, 9.1, 382),
(352, 11.66, 11.61, 379),
(353, 12.27, 12.33, 387),
(354, 11.31, NULL, 303),
(355, 10.13, NULL, 304),
(356, 11.35, NULL, 305),
(357, 10.18, NULL, 306),
(358, 10.42, NULL, 307),
(359, 9.58, 9.75, 310),
(360, 9.53, 9.23, 311),
(361, 9.33, 9.2, 323),
(362, 10.49, NULL, 368),
(363, 9.21, 9.15, 372),
(364, 10.35, NULL, 380),
(365, 10.04, 12.21, 393),
(366, 9.77, 9.67, 394),
(367, 12.66, NULL, 427),
(368, 14.31, NULL, 344),
(369, 14.55, NULL, 383),
(370, 18.76, NULL, 384),
(371, 13.93, NULL, 385),
(372, 14.23, NULL, 386),
(373, 15.92, NULL, 388),
(374, 13.37, NULL, 391),
(375, 12.49, NULL, 392),
(376, 12.58, NULL, 405),
(377, 12.98, NULL, 406),
(378, 12.93, NULL, 409),
(379, 12.01, NULL, 410),
(380, 13.5, NULL, 411),
(381, 11.49, NULL, 412),
(382, 12.96, NULL, 413),
(383, 12.01, NULL, 415),
(384, 0, NULL, 416),
(385, 13.75, NULL, 417),
(386, 13.8, NULL, 421),
(387, 19.24, NULL, 425),
(388, 12.45, NULL, 426),
(389, 13.52, NULL, 430),
(390, 14.09, NULL, 431),
(391, 12.46, NULL, 432),
(392, 12.68, NULL, 433),
(393, 11.99, NULL, 389),
(394, 11.11, NULL, 390),
(395, 11.68, NULL, 395),
(396, 11.47, NULL, 396),
(397, 13.68, NULL, 397),
(398, 10.76, NULL, 398),
(399, 11.37, NULL, 399),
(400, 11.42, NULL, 400),
(401, 12.09, NULL, 401),
(402, 11.31, NULL, 402),
(403, 0, NULL, 403),
(404, 0, NULL, 404),
(405, 11.7, NULL, 407),
(406, 11.65, NULL, 408),
(407, 11.73, NULL, 414),
(408, 11, NULL, 418),
(409, 10.29, NULL, 419),
(410, 11.05, NULL, 420),
(411, 12.9, NULL, 422),
(412, 10.87, NULL, 423),
(413, 11.96, NULL, 424),
(414, 12.3, NULL, 428),
(415, 11.82, NULL, 429),
(416, 12.1, NULL, 434),
(417, 13.15, NULL, 435),
(418, 11.12, NULL, 436),
(419, 12.55, NULL, 437),
(420, 12.05, NULL, 438),
(421, 12.5, NULL, 439);

-- --------------------------------------------------------

--
-- Tabellenstruktur für Tabelle `participants`
--

CREATE TABLE IF NOT EXISTS `participants` (
`participant_id` int(11) NOT NULL,
  `fs_person` int(11) NOT NULL,
  `fs_class` int(11) DEFAULT NULL,
  `fs_category` int(11) NOT NULL,
  `fs_event` int(11) NOT NULL,
  `start_number` int(11) DEFAULT '0',
  `late_registration` tinyint(1) DEFAULT NULL,
  `deleted` tinyint(1) DEFAULT '0'
) ENGINE=InnoDB AUTO_INCREMENT=441 DEFAULT CHARSET=latin1;

--
-- Daten für Tabelle `participants`
--

INSERT INTO `participants` (`participant_id`, `fs_person`, `fs_class`, `fs_category`, `fs_event`, `start_number`, `late_registration`, `deleted`) VALUES
(23, 72, 16, 8, 14, 1, 0, 0),
(24, 73, 7, 8, 14, 2, 0, 0),
(25, 74, 10, 8, 14, 3, 0, 0),
(26, 75, 7, 8, 14, 4, 0, 0),
(27, 76, 13, 8, 14, 5, 0, 0),
(28, 77, 8, 8, 14, 6, 0, 0),
(29, 78, 9, 8, 14, 7, 0, 0),
(30, 79, 7, 8, 14, 8, 0, 0),
(31, 80, 8, 9, 14, 9, 0, 0),
(32, 81, 13, 9, 14, 10, 0, 0),
(33, 82, 9, 9, 14, 11, 0, 0),
(34, 83, 8, 9, 14, 12, 0, 0),
(35, 84, 13, 9, 14, 13, 0, 0),
(36, 85, 9, 9, 14, 14, 0, 0),
(37, 86, 8, 9, 14, 15, 0, 0),
(38, 87, 12, 9, 14, 16, 0, 0),
(39, 88, 9, 9, 14, 17, 0, 0),
(40, 89, 37, 9, 14, 18, 0, 0),
(41, 90, 12, 9, 14, 19, 0, 0),
(42, 91, 10, 9, 14, 20, 0, 0),
(43, 92, 8, 9, 14, 21, 0, 0),
(44, 93, 37, 9, 14, 22, 0, 0),
(45, 94, 9, 9, 14, 23, 0, 0),
(46, 95, 10, 9, 14, 24, 0, 0),
(47, 96, 8, 9, 14, 25, 0, 0),
(48, 97, 7, 9, 14, 26, 0, 0),
(49, 98, 9, 9, 14, 27, 0, 0),
(50, 99, 45, 9, 14, 28, 0, 0),
(51, 100, 10, 9, 14, 29, 0, 0),
(52, 101, 19, 9, 14, 30, 0, 0),
(53, 102, 18, 9, 14, 31, 0, 0),
(54, 103, 12, 9, 14, 32, 0, 0),
(55, 104, 19, 9, 14, 33, 0, 0),
(56, 105, 21, 9, 14, 34, 0, 0),
(57, 106, 8, 9, 14, 35, 0, 0),
(58, 107, 11, 9, 14, 36, 0, 0),
(59, 108, 20, 9, 14, 37, 0, 0),
(60, 109, 18, 9, 14, 38, 0, 0),
(61, 110, 18, 9, 14, 39, 0, 0),
(62, 111, 9, 9, 14, 40, 0, 0),
(63, 112, 19, 9, 14, 41, 0, 0),
(64, 113, 21, 9, 14, 42, 0, 0),
(65, 114, 18, 9, 14, 43, 0, 0),
(66, 115, 7, 9, 14, 44, 0, 0),
(67, 116, 45, 9, 14, 45, 0, 0),
(68, 117, 20, 9, 14, 46, 0, 0),
(69, 118, 18, 9, 14, 47, 0, 0),
(70, 119, 10, 9, 14, 48, 0, 0),
(71, 120, 19, 9, 14, 49, 0, 0),
(72, 121, 18, 9, 14, 50, 0, 0),
(73, 122, 20, 9, 14, 51, 0, 0),
(74, 123, 41, 10, 14, 53, 0, 0),
(75, 124, 19, 10, 14, 54, 0, 0),
(76, 125, 21, 10, 14, 55, 0, 0),
(77, 126, 24, 10, 14, 56, 0, 0),
(78, 127, 19, 10, 14, 57, 0, 0),
(79, 128, 18, 10, 14, 58, 0, 0),
(80, 129, 24, 10, 14, 59, 0, 0),
(81, 130, 19, 10, 14, 60, 0, 0),
(82, 131, 18, 10, 14, 61, 0, 0),
(83, 132, 24, 10, 14, 62, 0, 0),
(84, 133, 19, 10, 14, 63, 0, 0),
(85, 134, 14, 10, 14, 64, 0, 0),
(86, 135, 40, 10, 14, 65, 0, 0),
(87, 136, 20, 10, 14, 66, 0, 0),
(88, 137, 39, 10, 14, 67, 0, 0),
(89, 138, 13, 10, 14, 68, 0, 0),
(90, 139, 40, 10, 14, 69, 0, 0),
(91, 140, 20, 10, 14, 70, 0, 0),
(92, 141, 39, 10, 14, 71, 0, 0),
(93, 142, 27, 11, 14, 72, 0, 0),
(94, 143, 41, 11, 14, 73, 0, 0),
(95, 144, 23, 11, 14, 74, 0, 0),
(96, 145, 25, 11, 14, 75, 0, 0),
(97, 146, 26, 11, 14, 76, 0, 0),
(98, 147, 23, 11, 14, 77, 0, 0),
(99, 148, 25, 11, 14, 78, 0, 0),
(100, 149, 26, 11, 14, 79, 0, 0),
(101, 150, 23, 11, 14, 80, 0, 0),
(102, 151, 27, 11, 14, 81, 0, 0),
(103, 152, 24, 11, 14, 82, 0, 0),
(104, 153, 22, 11, 14, 83, 0, 0),
(105, 154, 27, 11, 14, 84, 0, 0),
(106, 155, 24, 11, 14, 85, 0, 0),
(107, 156, 14, 11, 14, 86, 0, 0),
(108, 157, 26, 11, 14, 87, 0, 0),
(109, 158, 23, 11, 14, 88, 0, 0),
(110, 159, 39, 11, 14, 89, 0, 0),
(111, 160, 31, 11, 14, 90, 0, 0),
(112, 161, 28, 11, 14, 91, 0, 0),
(113, 162, 27, 11, 14, 92, 0, 0),
(114, 163, 30, 11, 14, 93, 0, 0),
(115, 164, 28, 11, 14, 94, 0, 0),
(116, 165, 26, 11, 14, 95, 0, 0),
(117, 166, 31, 11, 14, 96, 0, 0),
(118, 167, 28, 11, 14, 97, 0, 0),
(119, 168, 27, 11, 14, 98, 0, 0),
(120, 169, 31, 11, 14, 99, 0, 0),
(121, 170, 30, 11, 14, 100, 0, 0),
(122, 171, 28, 11, 14, 101, 0, 0),
(123, 172, 26, 11, 14, 102, 0, 0),
(124, 173, 31, 11, 14, 103, 0, 0),
(125, 174, 29, 11, 14, 104, 0, 0),
(126, 175, 28, 11, 14, 105, 0, 0),
(127, 176, 39, 11, 14, 106, 0, 0),
(128, 177, 31, 11, 14, 107, 0, 0),
(129, 178, 29, 11, 14, 108, 0, 0),
(130, 179, 27, 11, 14, 109, 0, 0),
(131, 180, 41, 11, 14, 110, 0, 0),
(132, 181, 15, 12, 14, 111, 0, 0),
(133, 182, 29, 12, 14, 112, 0, 0),
(134, 183, 15, 12, 14, 113, 0, 0),
(135, 184, 29, 12, 14, 114, 0, 0),
(136, 185, 32, 12, 14, 115, 0, 0),
(137, 186, 29, 12, 14, 116, 0, 0),
(138, 187, 15, 12, 14, 117, 0, 0),
(139, 188, 31, 12, 14, 118, 0, 0),
(140, 189, 32, 12, 14, 119, 0, 0),
(141, 190, 42, 12, 14, 120, 0, 0),
(142, 191, 15, 12, 14, 121, 0, 0),
(143, 192, 30, 12, 14, 122, 0, 0),
(144, 193, 15, 12, 14, 123, 0, 0),
(145, 194, 32, 12, 14, 124, 0, 0),
(146, 195, 15, 12, 14, 125, 0, 0),
(147, 196, 43, 12, 14, 126, 0, 0),
(148, 197, 35, 12, 14, 127, 0, 0),
(149, 198, 32, 12, 14, 128, 0, 0),
(150, 199, 35, 12, 14, 129, 0, 0),
(151, 200, 15, 12, 14, 130, 0, 0),
(152, 201, 33, 12, 14, 131, 0, 0),
(153, 202, 44, 12, 14, 132, 0, 0),
(154, 203, 32, 12, 14, 133, 0, 0),
(155, 204, 35, 12, 14, 134, 0, 0),
(156, 205, 15, 12, 14, 135, 0, 0),
(157, 206, 33, 12, 14, 136, 0, 0),
(158, 207, 36, 13, 14, 137, 0, 0),
(159, 208, 33, 13, 14, 138, 0, 0),
(160, 209, 34, 13, 14, 139, 0, 0),
(161, 210, 36, 13, 14, 140, 0, 0),
(162, 211, 32, 13, 14, 141, 0, 0),
(163, 212, 33, 13, 14, 142, 0, 0),
(164, 213, 36, 13, 14, 143, 0, 0),
(165, 214, 36, 13, 14, 144, 0, 0),
(166, 215, 36, 13, 14, 145, 0, 0),
(167, 216, 33, 13, 14, 146, 0, 0),
(168, 217, 51, 13, 14, 147, 0, 0),
(169, 218, 16, 17, 14, 148, 0, 0),
(170, 219, 7, 17, 14, 149, 0, 0),
(171, 220, 9, 17, 14, 150, 0, 0),
(172, 221, 12, 17, 14, 151, 0, 0),
(173, 222, 10, 17, 14, 152, 0, 0),
(174, 223, 37, 17, 14, 153, 0, 0),
(175, 224, 10, 17, 14, 154, 0, 0),
(176, 225, 7, 17, 14, 155, 0, 0),
(177, 226, 11, 17, 14, 156, 0, 0),
(178, 227, 38, 18, 14, 157, 0, 0),
(179, 228, 13, 9, 14, 52, 0, 0),
(180, 229, 38, 18, 14, 158, 0, 0),
(181, 230, 12, 18, 14, 159, 0, 0),
(182, 231, 7, 18, 14, 160, 0, 0),
(183, 232, 12, 18, 14, 161, 0, 0),
(184, 233, 7, 18, 14, 162, 0, 0),
(185, 234, 9, 18, 14, 163, 0, 0),
(186, 235, 7, 18, 14, 164, 0, 0),
(187, 236, 9, 18, 14, 165, 0, 0),
(188, 237, 13, 18, 14, 166, 0, 0),
(189, 238, 9, 18, 14, 167, 0, 0),
(190, 239, 7, 18, 14, 168, 0, 0),
(191, 240, 19, 18, 14, 169, 0, 0),
(192, 241, 21, 18, 14, 170, 0, 0),
(193, 242, 13, 18, 14, 171, 0, 0),
(194, 243, 19, 18, 14, 172, 0, 0),
(195, 244, 21, 18, 14, 173, 0, 0),
(196, 245, 12, 18, 14, 174, 0, 0),
(197, 246, 19, 18, 14, 175, 0, 0),
(198, 247, 18, 18, 14, 176, 0, 0),
(199, 248, 9, 18, 14, 177, 0, 0),
(200, 249, 20, 18, 14, 178, 0, 0),
(201, 250, 18, 18, 14, 179, 0, 0),
(202, 251, 38, 18, 14, 180, 0, 0),
(203, 252, 11, 18, 14, 181, 0, 0),
(204, 253, 20, 18, 14, 182, 0, 0),
(205, 254, 18, 18, 14, 183, 0, 0),
(206, 255, 38, 18, 14, 184, 0, 0),
(207, 256, 11, 18, 14, 185, 0, 0),
(208, 257, 21, 18, 14, 186, 0, 0),
(209, 258, 20, 18, 14, 187, 0, 0),
(210, 259, 23, 19, 14, 188, 0, 0),
(211, 260, 40, 19, 14, 189, 0, 0),
(212, 261, 18, 19, 14, 190, 0, 0),
(213, 262, 12, 19, 14, 191, 0, 0),
(214, 263, 23, 19, 14, 192, 0, 0),
(215, 264, 40, 19, 14, 193, 0, 0),
(216, 265, 18, 19, 14, 194, 0, 0),
(217, 266, 24, 19, 14, 195, 0, 0),
(218, 267, 22, 19, 14, 196, 0, 0),
(219, 268, 19, 19, 14, 197, 0, 0),
(220, 269, 18, 19, 14, 198, 0, 0),
(221, 270, 24, 19, 14, 199, 0, 0),
(222, 271, 22, 19, 14, 200, 0, 0),
(223, 272, 20, 19, 14, 201, 0, 0),
(224, 273, 18, 19, 14, 202, 0, 0),
(225, 274, 24, 19, 14, 203, 0, 0),
(226, 275, 22, 19, 14, 204, 0, 0),
(227, 276, 20, 19, 14, 205, 0, 0),
(228, 277, 14, 19, 14, 206, 0, 0),
(229, 278, 23, 19, 14, 207, 0, 0),
(230, 279, 22, 19, 14, 208, 0, 0),
(231, 280, 20, 19, 14, 209, 0, 0),
(232, 281, 21, 19, 14, 210, 0, 0),
(233, 282, 24, 20, 14, 211, 0, 0),
(234, 283, 23, 20, 14, 212, 0, 0),
(235, 284, 40, 20, 14, 213, 0, 0),
(236, 285, 28, 20, 14, 214, 0, 0),
(237, 286, 24, 20, 14, 215, 0, 0),
(238, 287, 23, 20, 14, 216, 0, 0),
(239, 288, 40, 20, 14, 217, 0, 0),
(240, 289, 28, 20, 14, 218, 0, 0),
(241, 290, 24, 20, 14, 219, 0, 0),
(242, 291, 23, 20, 14, 220, 0, 0),
(243, 292, 14, 20, 14, 221, 0, 0),
(244, 293, 27, 20, 14, 222, 0, 0),
(245, 294, 24, 20, 14, 223, 0, 0),
(246, 295, 22, 20, 14, 224, 0, 0),
(247, 296, 39, 20, 14, 225, 0, 0),
(248, 297, 26, 20, 14, 226, 0, 0),
(249, 298, 24, 20, 14, 227, 0, 0),
(250, 299, 22, 20, 14, 228, 0, 0),
(251, 300, 39, 20, 14, 229, 0, 0),
(252, 301, 26, 20, 14, 230, 0, 0),
(253, 302, 23, 20, 14, 231, 0, 0),
(254, 303, 22, 20, 14, 232, 0, 0),
(255, 304, 14, 20, 14, 233, 0, 0),
(256, 305, 31, 20, 14, 234, 0, 0),
(257, 306, 30, 20, 14, 235, 0, 0),
(258, 307, 27, 20, 14, 236, 0, 0),
(259, 308, 25, 20, 14, 237, 0, 0),
(260, 309, 29, 20, 14, 238, 0, 0),
(261, 310, 27, 20, 14, 239, 0, 0),
(262, 311, 25, 20, 14, 240, 0, 0),
(263, 312, 28, 20, 14, 241, 0, 0),
(264, 313, 27, 20, 14, 242, 0, 0),
(265, 314, 25, 20, 14, 243, 0, 0),
(266, 315, 28, 20, 14, 244, 0, 1),
(267, 315, 28, 20, 14, 245, 0, 1),
(268, 315, 28, 20, 14, 246, 0, 0),
(269, 318, 26, 20, 14, 247, 0, 0),
(270, 319, 25, 20, 14, 248, 0, 0),
(271, 320, 28, 20, 14, 249, 0, 0),
(272, 321, 26, 20, 14, 250, 0, 0),
(273, 322, 31, 20, 14, 251, 0, 0),
(274, 323, 30, 20, 14, 252, 0, 0),
(275, 324, 27, 20, 14, 253, 0, 0),
(276, 325, 26, 20, 14, 254, 0, 0),
(277, 326, 32, 21, 14, 255, 0, 0),
(278, 327, 31, 21, 14, 256, 0, 0),
(279, 328, 32, 21, 14, 257, 0, 0),
(280, 329, 31, 21, 14, 258, 0, 0),
(281, 330, 33, 21, 14, 259, 0, 0),
(282, 331, 31, 21, 14, 260, 0, 0),
(283, 332, 15, 21, 14, 261, 0, 0),
(284, 333, 31, 21, 14, 262, 0, 0),
(285, 334, 30, 21, 14, 263, 0, 0),
(286, 335, 15, 21, 14, 264, 0, 0),
(287, 336, 31, 21, 14, 265, 0, 0),
(288, 337, 29, 21, 14, 266, 0, 0),
(289, 338, 15, 21, 14, 267, 0, 0),
(290, 339, 31, 21, 14, 268, 0, 0),
(291, 340, 29, 21, 14, 269, 0, 0),
(292, 341, 15, 21, 14, 270, 0, 0),
(293, 342, 42, 21, 14, 271, 0, 0),
(294, 343, 15, 21, 14, 272, 0, 0),
(295, 344, 36, 21, 14, 273, 0, 0),
(296, 345, 15, 21, 14, 274, 0, 0),
(297, 346, 36, 21, 14, 275, 0, 0),
(298, 347, 32, 21, 14, 276, 0, 0),
(299, 348, 44, 21, 14, 277, 0, 0),
(300, 349, 33, 21, 14, 278, 0, 0),
(301, 350, 15, 21, 14, 279, 0, 0),
(302, 351, 30, 21, 14, 280, 0, 0),
(303, 352, 35, 22, 14, 281, 0, 0),
(304, 353, 29, 22, 14, 282, 0, 0),
(305, 354, 30, 22, 14, 283, 0, 0),
(306, 355, 34, 22, 14, 284, 0, 0),
(307, 356, 35, 22, 14, 285, 0, 0),
(308, 357, 22, 10, 14, 286, 1, 0),
(309, 358, 16, 8, 14, 287, 1, 0),
(310, 359, 51, 22, 14, 288, 1, 0),
(311, 360, 51, 22, 14, 289, 1, 0),
(312, 361, 16, 17, 14, 290, 1, 0),
(313, 362, 22, 11, 14, 291, 1, 0),
(314, 363, 16, 8, 14, 292, 1, 0),
(315, 364, 38, 9, 14, 293, 1, 0),
(316, 365, 38, 9, 14, 294, 1, 0),
(317, 366, 16, 8, 14, 295, 1, 0),
(318, 367, 16, 17, 14, 296, 1, 0),
(319, 368, 21, 9, 14, 297, 1, 0),
(320, 369, 16, 17, 14, 298, 1, 0),
(321, 370, 38, 18, 14, 299, 1, 0),
(322, 371, 16, 17, 14, 300, 1, 0),
(323, 372, 51, 22, 14, 301, 1, 0),
(324, 373, 16, 8, 14, 302, 1, 0),
(325, 180, 41, 11, 14, 303, 1, 0),
(326, 375, 16, 8, 14, 304, 1, 0),
(327, 376, 16, 17, 14, 305, 1, 0),
(328, 377, 16, 17, 14, 306, 1, 0),
(329, 378, 8, 18, 14, 307, 1, 0),
(330, 379, 16, 8, 14, 308, 1, 0),
(331, 380, 38, 8, 14, 309, 1, 0),
(332, 381, 8, 8, 14, 310, 1, 0),
(333, 382, 16, 8, 14, 311, 1, 0),
(334, 383, 8, 9, 14, 312, 1, 0),
(335, 384, 38, 18, 14, 313, 1, 0),
(336, 385, 42, 21, 14, 314, 1, 0),
(337, 386, 16, 8, 14, 315, 1, 0),
(338, 387, 16, 8, 14, 316, 1, 0),
(339, 388, 51, 13, 14, 317, 1, 0),
(340, 389, 16, 17, 14, 318, 1, 0),
(341, 390, 16, 17, 14, 319, 1, 0),
(342, 391, 16, 17, 14, 320, 1, 0),
(343, 392, 16, 8, 14, 321, 1, 0),
(344, 393, 52, 24, 14, 322, 1, 0),
(345, 394, 16, 17, 14, 323, 1, 0),
(346, 395, 16, 8, 14, 324, 1, 0),
(347, 396, 16, 17, 14, 325, 1, 0),
(348, 397, 16, 8, 14, 326, 1, 0),
(349, 398, 16, 17, 14, 327, 1, 0),
(350, 399, 41, 11, 14, 328, 1, 0),
(351, 400, 51, 13, 14, 329, 1, 0),
(352, 401, 16, 17, 14, 330, 1, 0),
(353, 402, 37, 17, 14, 331, 1, 0),
(354, 403, 37, 18, 14, 332, 1, 0),
(355, 404, 16, 8, 14, 333, 1, 0),
(356, 405, 16, 17, 14, 334, 1, 0),
(357, 406, 12, 18, 14, 335, 1, 0),
(358, 407, 16, 17, 14, 336, 1, 0),
(359, 408, 43, 21, 14, 337, 1, 0),
(360, 409, 16, 8, 14, 338, 1, 0),
(361, 410, 19, 18, 14, 339, 1, 0),
(362, 411, 42, 11, 14, 340, 1, 0),
(363, 412, 11, 18, 14, 341, 1, 0),
(364, 413, 7, 9, 14, 342, 1, 0),
(365, 414, 40, 11, 14, 343, 1, 0),
(366, 415, 10, 18, 14, 344, 1, 0),
(367, 416, 11, 18, 14, 345, 1, 0),
(368, 417, 51, 22, 14, 346, 1, 0),
(369, 418, 37, 18, 14, 347, 1, 0),
(370, 419, 24, 20, 14, 348, 1, 0),
(371, 420, 32, 12, 14, 349, 1, 0),
(372, 421, 51, 22, 14, 350, 1, 0),
(373, 422, 16, 9, 14, 351, 1, 0),
(374, 423, 16, 19, 14, 352, 1, 0),
(375, 424, 51, 13, 14, 353, 1, 0),
(376, 425, 16, 19, 14, 354, 1, 0),
(377, 426, 36, 13, 14, 355, 1, 0),
(378, 427, 16, 11, 14, 356, 1, 0),
(379, 428, 51, 23, 14, 357, 1, 0),
(380, 429, 51, 22, 14, 358, 1, 0),
(381, 430, 33, 21, 14, 359, 1, 0),
(382, 431, 51, 13, 14, 360, 1, 0),
(383, 432, 52, 25, 14, 361, 1, 0),
(384, 433, 17, 25, 14, 362, 1, 0),
(385, 434, 17, 25, 14, 363, 1, 0),
(386, 435, 17, 25, 14, 364, 1, 0),
(387, 436, 17, 23, 14, 365, 1, 0),
(388, 437, 17, 25, 14, 366, 1, 0),
(389, 438, 17, 16, 14, 367, 1, 0),
(390, 439, 17, 16, 14, 368, 1, 0),
(391, 440, 17, 25, 14, 369, 1, 0),
(392, 441, 17, 25, 14, 370, 1, 0),
(393, 442, 52, 15, 14, 371, 1, 0),
(394, 443, 52, 15, 14, 372, 1, 0),
(395, 444, 16, 16, 14, 373, 1, 0),
(396, 445, 17, 16, 14, 374, 1, 0),
(397, 446, 17, 16, 14, 375, 1, 0),
(398, 447, 17, 16, 14, 376, 1, 0),
(399, 448, 17, 16, 14, 377, 1, 0),
(400, 449, 17, 16, 14, 378, 1, 0),
(401, 450, 17, 16, 14, 379, 1, 0),
(402, 451, 17, 16, 14, 380, 1, 0),
(403, 452, 17, 16, 14, 381, 1, 0),
(404, 452, 17, 16, 14, 382, 1, 0),
(405, 454, 17, 25, 14, 383, 1, 0),
(406, 455, 17, 25, 14, 384, 1, 0),
(407, 456, 17, 16, 14, 385, 1, 0),
(408, 457, 17, 16, 14, 386, 1, 0),
(409, 458, 17, 25, 14, 387, 1, 0),
(410, 459, 17, 25, 14, 388, 1, 0),
(411, 460, 17, 25, 14, 389, 1, 0),
(412, 461, 17, 25, 14, 390, 1, 0),
(413, 462, 17, 25, 14, 391, 1, 0),
(414, 463, 17, 16, 14, 392, 1, 0),
(415, 464, 17, 25, 14, 393, 1, 0),
(416, 465, 17, 25, 14, 394, 1, 0),
(417, 466, 17, 25, 14, 395, 1, 0),
(418, 467, 17, 16, 14, 396, 1, 0),
(419, 468, 17, 16, 14, 397, 1, 0),
(420, 469, 17, 16, 14, 398, 1, 0),
(421, 470, 17, 25, 14, 399, 1, 0),
(422, 471, 17, 16, 14, 400, 1, 0),
(423, 472, 17, 16, 14, 401, 1, 0),
(424, 473, 17, 16, 14, 402, 1, 0),
(425, 474, 17, 25, 14, 403, 1, 0),
(426, 475, 17, 25, 14, 404, 1, 0),
(427, 476, 52, 15, 14, 405, 1, 0),
(428, 477, 17, 16, 14, 406, 1, 0),
(429, 478, 17, 16, 14, 407, 1, 0),
(430, 479, 17, 25, 14, 408, 1, 0),
(431, 480, 17, 25, 14, 409, 1, 0),
(432, 481, 17, 25, 14, 410, 1, 0),
(433, 482, 17, 25, 14, 411, 1, 0),
(434, 483, 17, 16, 14, 412, 1, 0),
(435, 484, 17, 16, 14, 413, 1, 0),
(436, 485, 17, 16, 14, 414, 1, 0),
(437, 486, 17, 16, 14, 415, 1, 0),
(438, 487, 17, 16, 14, 416, 1, 0),
(439, 488, 17, 16, 14, 417, 1, 0),
(440, 488, 53, 26, 15, 1, 0, 1);

-- --------------------------------------------------------

--
-- Tabellenstruktur für Tabelle `person`
--

CREATE TABLE IF NOT EXISTS `person` (
`person_id` int(11) NOT NULL,
  `name` varchar(50) NOT NULL,
  `firstname` varchar(50) NOT NULL,
  `year_of_birth` year(4) DEFAULT NULL,
  `plz` varchar(10) DEFAULT NULL,
  `place` varchar(50) DEFAULT NULL,
  `street` varchar(50) DEFAULT NULL
) ENGINE=InnoDB AUTO_INCREMENT=490 DEFAULT CHARSET=latin1;

--
-- Daten für Tabelle `person`
--

INSERT INTO `person` (`person_id`, `name`, `firstname`, `year_of_birth`, `plz`, `place`, `street`) VALUES
(29, 'Laimbacher', 'Jeannette', NULL, '', 'Eschenbach', ''),
(30, 'Frischknecht', 'Andrea', NULL, '', 'Bürg', ''),
(31, 'Jud-Keller', 'Judith', NULL, '', 'Eschenbach', ''),
(32, 'Kellenberger', 'Silvia', NULL, '', 'Eschenbach', ''),
(33, 'Rüthemann', 'Yvonne', NULL, '', 'Eschenbach', ''),
(34, 'Burger', 'Vanessa', NULL, '', 'Eschenbach', ''),
(35, 'Jud', 'Jrena', NULL, '', 'Eschenbach', ''),
(36, 'Scherrer', 'Fabienne', NULL, '', 'Bürg', ''),
(37, 'Jud', 'Nicole', NULL, '', 'Eschenbach', ''),
(38, 'Büsser', 'Mirco', NULL, '', 'Eschenbach', ''),
(39, 'Hemmi', 'Thomas', NULL, '', 'Eschenbach', ''),
(40, 'Tscharner', 'Seraina', NULL, '', 'Eschenbach', ''),
(41, 'Eicher', 'Cindy', NULL, '', 'Eschenbach', ''),
(42, 'Furrer', 'Claudia', NULL, '', 'Eschenbach', ''),
(43, 'Schaich-Grimm', 'Barbara', NULL, '', 'Eschenbach', ''),
(44, 'Fust', 'Andrea', NULL, '', 'Bürg', ''),
(45, 'Hofstetter', 'René', NULL, '', 'Eschenbacher', ''),
(46, 'Büsser', 'Nicole', NULL, '', 'Eschenbach', ''),
(47, 'Schlittler', 'Vera', NULL, '', 'Eschenbach', ''),
(48, 'Gübeli', 'Elvira', NULL, '', 'Eschenbach', ''),
(49, 'Belart', 'Seraina', NULL, '', 'Eschenbach', ''),
(50, 'Geiger', 'Mario', NULL, '', 'Eschenbach', ''),
(51, 'Aubry', 'Aline', NULL, '', 'Eschenbach', ''),
(52, 'Mathies', 'Andreas', NULL, '', 'Eschenbach', ''),
(53, 'Weissenrieder', 'Brigitte', NULL, '', 'Eschenbach', ''),
(54, 'Lippuner', 'Andrea', NULL, '', 'Eschenbach', ''),
(55, 'Morger', 'Gabriel', NULL, '', 'Eschenbach', ''),
(56, 'Meyer', 'Gabriela', NULL, '', 'Eschenbach', ''),
(57, 'Schmuki', 'Patrizia', NULL, '', 'Goldingen', ''),
(58, 'Lendi', 'Claudia', NULL, '', 'Goldingen', ''),
(59, 'Gisler', 'Jessica', NULL, '', 'Goldingen', ''),
(60, 'Huber', 'Michèle', NULL, '', 'Goldingen', ''),
(61, 'Stüssi', 'Martina', NULL, '', 'Goldingen', ''),
(62, 'Vandenbrouck', 'Nathalie', NULL, '', 'Goldingen', ''),
(63, 'Hefti', 'Christine', NULL, '', 'St. Gallenkappel', ''),
(64, 'Huber', 'Christina', NULL, '', 'St. Gallenkappel', ''),
(65, 'Stoob', 'Jolanda', NULL, '', 'St. Gallenkappel', ''),
(66, 'Rohner', 'Beatrice', NULL, '', 'Walde', ''),
(67, 'Hubatka', 'Elsbeth', NULL, '', 'St. Gallenkappel', ''),
(68, 'Gort ', 'Kathrin', NULL, '', 'St. Gallenkappel', ''),
(69, 'Giger', 'Roger', NULL, '', 'Walde', ''),
(70, 'Wiget', 'Thomas', NULL, '', 'St. Gallenkappel', ''),
(71, 'Lehrperson', 'Keine', NULL, '', 'x', ''),
(72, 'Blöchlinger', 'Cayo', 2013, '8638', 'Goldingen', 'Lindenstrasse 15'),
(73, 'Müller', 'Noah', 2012, '8734', 'Ermenswil', 'Bachstr. 6'),
(74, 'Fioretti', 'Neel', 2012, '8734', 'Ermenswil', 'Rütistr. 26'),
(75, 'Balmer', 'Jason', 2012, '8733', 'Eschenbach', 'Gerenstr. 7'),
(76, 'Brändli', 'Lio', 2012, '8733', 'Eschenbach', 'Alpenblickstr. 20'),
(77, 'Oberholzer', 'Nino', 2012, '8733', 'Eschenbach', 'Diemberg 5c'),
(78, 'Landolt', 'Silvan', 2012, '8733', 'Eschenbach', 'Schmerikonerstr. 19'),
(79, 'Wanner', 'Nevio', 2012, '8733', 'Eschenbach', 'Gerenstr. 12'),
(80, 'Krasnizi', 'Lorian', 2011, '8733 ', 'Eschenbach', 'Sternenhalde 21 / Diemberg'),
(81, 'Castillo Roussette', 'Darlin', 2011, '8733', 'Eschenbach', 'Bildstöcklistr. 1'),
(82, 'Oberholzer', 'Fynn', 2011, '8733', 'Eschenbach', 'Rainstr. 7'),
(83, 'Wolf', 'Liam', 2011, '8732', 'Neuhaus', 'Chastelstr. 11d'),
(84, 'Ratano', 'Emanuele', 2011, '8734', 'Ermenswil', 'Sonnenfeld 7'),
(85, 'Zuppiger', 'Oliver', 2011, '8733', 'Eschenbach', 'Wiesengrünstr. 14'),
(86, 'Reichmuth', 'Nevio', 2011, '8732', 'Neuhaus', 'Lettenstr. 23'),
(87, 'Kühne', 'Theo', 2011, '8733', 'Eschenbach', 'Mythenstr. 49'),
(88, 'Mangger', 'Yanis', 2011, '8733', 'Eschenbach', 'Mythenstr. 2'),
(89, 'Erni', 'Lennox', 2011, '8735', 'St. Gallenkappel', 'Gerendingerstr. 28'),
(90, 'Ritter', 'Leroy', 2011, '8733', 'Eschenbach', 'Gartenstr. 2'),
(91, 'Huber', 'Kevin', 2011, '8734', 'Ermenswil', 'Bachstr. 9'),
(92, 'Harborg', 'Joshua', 2011, '8732', 'Neuhaus', 'Letzistr. 8'),
(93, 'Findeisen', 'Marlon', 2011, '8735', 'St. Gallenkappel', 'Gwadt 9'),
(94, 'Haag', 'Jan Raihzel', 2011, '8733', 'Eschenbach', 'Twirrenstr. 35'),
(95, 'Schuler', 'Luc', 2011, '8733', 'Eschenbach', 'Chappelistr. 1a'),
(96, 'Isler', 'Florian', 2011, '8732', 'Neuhaus', 'Bachtelstr. 7'),
(97, 'Siewiaszczyk', 'Simon', 2011, '8733', 'Eschenbach', 'Hofacker 2'),
(98, 'Richards', 'Dylan', 2011, '8733', 'Eschenbach', 'Schmerikonerstr. 12'),
(99, 'Büsser', 'Lieven', 2011, '8638', 'Goldingen', 'Dorfstr. 23'),
(100, 'Egli', 'Enea', 2010, '8733', 'Eschenbach', 'Alpenblickstr. 30'),
(101, 'Steiner', 'Michael', 2010, '8733', 'Eschenbach', 'Dorfstr. 5'),
(102, 'Büeler', 'Joris', 2010, '8733', 'Eschenbach', 'Mythenstr. 32'),
(103, 'Strohmeier', 'Corsin', 2010, '8733', 'Eschenbach', 'Mythenstr. 27'),
(104, 'Wiederkehr', 'Mike', 2010, '8733', 'Eschenbach', 'Schönenweg 5'),
(105, 'Guntlin', 'Jannik', 2010, '8733', 'Eschenbach', 'Steinenbrugg 15'),
(106, 'Wildhaber', 'Lino', 2010, '8732', 'Neuhaus', 'Letzistr. 18'),
(107, 'Rupprecht', 'Lino', 2010, '8733', 'Eschenbach', 'Alpenblickstr. 32'),
(108, 'Gubler', 'Noah', 2010, '8733', 'Eschenbach', 'Rickenstr. 23'),
(109, 'Zuppiger', 'Patrick', 2010, '8733', 'Eschenbach', 'Wiesengrünstr. 7'),
(110, 'Bajrami', 'Metin', 2010, '8733', 'Eschenbach', 'Binzenstr. 3'),
(111, 'Züger', 'Armando', 2010, '8732', 'Neuhaus', 'Bühlistr. 1'),
(112, 'Zwyssig', 'Gian', 2010, '8733', 'Eschenbach', 'Rietstr. 36'),
(113, 'Ballaman', 'Can', 2010, '8734', 'Ermenswil', 'Haselwiesstr. 11'),
(114, 'Taverner', 'Lucio', 2010, '8733', 'Eschenbach', 'Gerenstr. 15'),
(115, 'Kuster', 'Nick', 2010, '8733', 'Eschenbach', 'Mythenstr. 38'),
(116, 'Blöchlinger', 'Lee Roy', 2010, '8638', 'Goldingen', 'Lindenstr. 15'),
(117, 'Giampietro', 'Alessio', 2010, '8733', 'Eschenbach', 'Mythenstr. 3'),
(118, 'Hofer', 'Tristan', 2010, '8733', 'Eschenbach', 'Hofacker 6'),
(119, 'Kpuzi', 'Marwin', 2010, '8733', 'Eschenbach', 'Dorfstr. 17'),
(120, 'Sahin', 'Onurcan', 2010, '8733', 'Eschenbach', 'Kirchgass 1'),
(121, 'Brändle', 'Andrin', 2010, '8733', 'Eschenbach', 'Wiesengrünstr. 5'),
(122, 'Mangger', 'Nils', 2010, '8733', 'Eschenbach', 'Mythenstr. 2'),
(123, 'Oberlin', 'Jamie', 2009, '8735', 'St. Gallenkappel', 'Rüeterswilerstr. 37'),
(124, 'Köfer', 'Max', 2009, '8733', 'Eschenbach', 'Wiesengrünstr. 6'),
(125, 'Müller', 'Raoul', 2009, '8734', 'Ermenswil', 'Bachstr. 6'),
(126, 'Bernet', 'Nevio', 2009, '8733', 'Eschenbach', 'Binzenstr. 1'),
(127, 'Kündig', 'Raphael', 2009, '8733', 'Eschenbach', 'Ufnau 4'),
(128, 'Richards', 'Jamie', 2009, '8733', 'Eschenbach', 'Schmerikonerstr. 12'),
(129, 'Bürli', 'Finn', 2009, '8733', 'Eschenbach', 'Gerenstr. 17'),
(130, 'Gübeli', 'Leon', 2009, '8733', 'Eschenbach', 'Mythenstr. 53'),
(131, 'Mazhoud', 'Malek', 2009, '8733', 'Eschenbach', 'Hofacker 1'),
(132, 'Landolt', 'Claudio', 2009, '8733', 'Eschenbach', 'Schmerikonerstr. 19'),
(133, 'Sager', 'Noam', 2009, '8733', 'Eschenbach', 'Gerenstr. 1'),
(134, 'Krasnizi', 'Labinot', 2009, '8733 ', 'Eschenbach', 'Sternenhalde 21 / Diemberg'),
(135, 'Frischknecht', 'Patrick', 2009, '8735', 'St. Gallenkappel', 'Kreuzwiesstr. 6'),
(136, 'Widmer', 'Kai', 2009, '8733', 'Eschenbach', 'Rütistr. 44'),
(137, 'Lämmler', 'Marco', 2009, '8735', 'St. Gallenkappel', 'Vogelherdstr. 6'),
(138, 'Allemann', 'Manuel', 2009, '8733', 'Eschenbach', 'Dorfstr. 17'),
(139, 'Zwicky', 'Yannis', 2009, '8735', 'St. Gallenkappel', 'Kreuzwiesstr. 15'),
(140, 'Spiegelberg', 'Miro', 2009, '8733', 'Eschenbach', 'Lehmgruebstr. 9'),
(141, 'Tschümperlin', 'Dennis', 2009, '8735 ', 'St. Gallenkappel', 'Kronenstr. 10'),
(142, 'Prekaj', 'Luka', 2008, '8733', 'Eschenbach', 'Kirchackerweg 4'),
(143, 'Büsser', 'Simon', 2008, '8735', 'St. Gallenkappel', 'Bergweg 2'),
(144, 'Raschle', 'Moritz', 2008, '8732', 'Neuhaus', 'Hirzlistr. 5'),
(145, 'Isler', 'Benjamin', 2008, '8732', 'Neuhaus', 'Bachtelstr. 7'),
(146, 'Brändle', 'Janick', 2008, '8733', 'Eschenbach', 'Wiesengrünstr. 5'),
(147, 'Kühne', 'Tim', 2008, '8733', 'Eschenbach', 'Mythenstr. 49'),
(148, 'Kuster', 'Dario', 2008, '8732', 'Neuhaus', 'Jakobstr. 10'),
(149, 'Gubler', 'Silas', 2008, '8733', 'Eschenbach', 'Rickenstr. 23'),
(150, 'Elser', 'Florian', 2008, '8733', 'Eschenbach', 'Mythenstr. 51'),
(151, 'Brägger', 'Gian', 2008, '8733', 'Eschenbach', 'Mythenstr. 59'),
(152, 'Egli', 'Silvan', 2008, '8733', 'Eschenbach', 'Alpenblickstr. 30'),
(153, 'Hofer', 'Silas', 2008, '8733', 'Eschenbach', 'Hofacker 6'),
(154, 'Saxer', 'Fabio', 2008, '8733', 'Eschenbach', 'Mythenstr. 6'),
(155, 'Gebert', 'Matteo', 2008, '8733', 'Eschenbach', 'Steinenbrugg 21'),
(156, 'Reichmuth', 'Gian', 2008, '8732', 'Neuhaus', 'Lettenstr. 23'),
(157, 'Deussen', 'Fabian', 2008, '8733', 'Eschenbach', 'Säntisstr. 6'),
(158, 'Rüegg', 'Tim', 2008, '8734', 'Ermenswil', 'Oberegg 4'),
(159, 'Steiger', 'Lenny', 2008, '8735', 'St. Gallenkappel', 'Sonnenrainstr. 6'),
(160, 'Dürst', 'Leon', 2007, '8733', 'Eschenbach', 'Dorfstr. 18'),
(161, 'Kuster', 'Mike', 2007, '8733', 'Eschenbach', 'Mythenstr. 38'),
(162, 'Magazzeni', 'Cristian', 2007, '8734', 'Ermenswil', 'Sonnenfeld 5'),
(163, 'Müller', 'Ramon', 2007, '8734', 'Ermenswil', 'Bachstr. 6'),
(164, 'Obi', 'Kaydon', 2007, '8733', 'Eschenbach', 'Mythenstr. 1'),
(165, 'Zwicker', 'Silvan', 2007, '8733', 'Eschenbach', 'Wiesengrünstr. 4'),
(166, 'Rutz', 'Etienne', 2007, '8733', 'Eschenbach', 'Rietstr. 5a'),
(167, 'Adem', 'Salinu', 2007, '8733', 'Eschenbach', 'Kirchgass 2'),
(168, 'Egli', 'Cornel', 2007, '8733', 'Eschenbach', 'Alpenblickstr. 30'),
(169, 'Zubler', 'Fabrice', 2007, '8733', 'Eschenbach', 'Mythenstr. 48'),
(170, 'de Pauw Gerlings', 'Finn', 2007, '8734', 'Ermenswil', 'Dreierwaldstr. 19'),
(171, 'Gübeli', 'Nico', 2007, '8733', 'Eschenbach', 'Diemberg 11'),
(172, 'Oberholzer', 'Nando', 2007, '8733', 'Eschenbach', 'Rainstr. 7'),
(173, 'Zuppiger', 'Lars', 2007, '8733', 'Eschenbach', 'Wiesengrünstr. 7'),
(174, 'Thirumaraichelvan', 'Karunyan', 2007, '8733', 'Eschenbach', 'Gwadt 3'),
(175, 'Brändle', 'Timmy', 2007, '8733', 'Eschenbach', 'Rapperswilerstr. 2'),
(176, 'Deres', 'Alex', 2007, '8735', 'St. Gallenkappel', ''),
(177, 'Weerasangilige', 'Noah', 2007, '8732', 'Neuhaus', 'Lenzikon 21'),
(178, 'Giampietro', 'Cristian', 2007, '8733', 'Eschenbach', 'Gerenstr. 14'),
(179, 'Liss', 'Oskar', 2007, '8733', 'Eschenbach', 'Ufnau 5'),
(180, 'Steiger', 'Travis', 2007, '8735', 'St. Gallenkappel', 'Sonnenrainstr. 6'),
(181, 'Bonderer', 'Julian', 2006, '8732', 'Neuhaus', 'Hirzlistr. 3'),
(182, 'Schwizer', 'Jonas', 2006, '8733', 'Eschenbach', 'Mythenstr. 54'),
(183, 'Liss', 'Til', 2006, '8733', 'Eschenbach', 'Ufnau 5'),
(184, 'Nikollbibaj', 'Kristjan', 2006, '8733', 'Eschenbach', 'Twirrenstr. 29'),
(185, 'Herzog', 'Samuel', 2006, '8733', 'Eschenbach', 'Mühlestr. 3'),
(186, 'Kessler', 'Livio', 2006, '8733', 'Eschenbach', 'Mühlestr. 22'),
(187, 'Wenger', 'Noël', 2006, '8733', 'Eschenbach', 'Rietstr. 38'),
(188, 'Kessler', 'Leon', 2006, '8733', 'Eschenbach', 'Mühlestr. 22'),
(189, 'Widmer', 'Ruven', 2006, '8733', 'Eschenbach', 'Dorfstrasse'),
(190, 'Rüegg', 'Robin', 2006, '8735', 'Rüeterswil', 'Schwendi 68'),
(191, 'Popov', 'Jerome', 2006, '8733', 'Eschenbach', 'Schrennenstr. 19'),
(192, 'Ratano', 'Simone', 2006, '8734', 'Ermenswil', 'Sonnenfeld 7'),
(193, 'Dietziker', 'Nicolas', 2005, '8733', 'Eschenbach', 'Büechliberg 17'),
(194, 'Meile', 'Cameron', 2005, '8733', 'Eschenbach', 'Paradiesstr. 10'),
(195, 'Saxer', 'Julian', 2005, '8733', 'Eschenbach', 'Mythenstr. 6'),
(196, 'Lämmler', 'Joel', 2005, '8735', 'St. Gallenkappel', 'Vogelherdstr. 6'),
(197, 'Baur', 'Dominic', 2005, '8733', 'Eschenbach', 'Mythenstr. 8'),
(198, 'Steinauer', 'Manuel', 2005, '8733', 'Eschenbach', 'Blessmülistr. 21'),
(199, 'Bartolo', 'Dario', 2005, '8733', 'Eschenbach', 'Mythenstr. 44'),
(200, 'Gübeli', 'Fabio', 2005, '8733', 'Eschenbach', 'Diemberg 11'),
(201, 'Wildhaber', 'Timo', 2005, '8732', 'Neuhaus', 'Letzistr. 18'),
(202, 'Rüegg', 'Gian', 2005, '8735', 'Rüeterswil', 'Haspel 144'),
(203, 'Ritter', 'Morné', 2005, '8733', 'Eschenbach', 'Gartenstr. 2'),
(204, 'Lüthi', 'Elia', 2005, '8733', 'Eschenbach', 'Mythenstr. 57'),
(205, 'Sisera', 'Julian', 2005, '8733', 'Eschenbach', 'Gartenstr. 4'),
(206, 'Kuster', 'Lars', 2005, '8733', 'Eschenbach', 'Twirrenstr. 1'),
(207, 'Leemann', 'Yannic', 2004, '8733', 'Eschenbach', 'Gwandenstr. 2'),
(208, 'De Cia', 'Leandro', 2004, '8733', 'Eschenbach', 'Mythenstr. 50'),
(209, 'Gubelmann', 'Maurice', 2004, '8733', 'Eschenbach', 'Büel 43'),
(210, 'Klarer', 'Andrin', 2004, '8732', 'Neuhaus', 'Aubrigstr. 11'),
(211, 'Thirumaraichelvan', 'Lathushan', 2004, '8733', 'Eschenbach', 'Im Gwatt 3'),
(212, 'Schläpfer', 'Lucca', 2004, '8733', 'Eschenbach', 'Rietstr. 30'),
(213, 'Ratano', 'Armando', 2004, '8734', 'Ermenswil', 'Sonnenfeld 7'),
(214, 'Magazzeni', 'Valerio', 2004, '8734', 'Ermenswil', 'Sonnenfeld 5'),
(215, 'Steinauer', 'Mirco', 2004, '8733', 'Eschenbach', 'Büttenstr. 4'),
(216, 'Del Sordo', 'Luigi', 2004, '8732', 'Neuhaus', 'Büchelstr. 5'),
(217, 'Zuppiger', 'Fabio', 2003, '8732', 'Neuhaus', 'Wäldlistr. 3'),
(218, 'Roth', 'Milia', 2013, '8733', 'Eschenbach', 'Twirrenstr. 39'),
(219, 'Blöchlinger', 'Mayen', 2012, '8733', 'Eschenbach', 'Gerenstr. 25'),
(220, 'Köfer', 'Leila', 2012, '8733', 'Eschenbach', 'Wiesengrünstr. 6'),
(221, 'Bernet', 'Enya', 2012, '8733', 'Eschenbach', 'Binzenstr. 1'),
(222, 'Demirci', 'Ayliz Mina', 2012, '8734', 'Ermenswil', 'Rössliweg 7'),
(223, 'Rodriguez', 'Elina', 2012, '8735', 'St. Gallenkappel', 'Rickenstr. 25'),
(224, 'Artho', 'Mara', 2012, '8734', 'Ermenswil', 'Dreierwaldstr. 14'),
(225, 'Ballinari', 'Solange', 2012, '8733', 'Eschenbach', 'Gerenstr. 3'),
(226, 'Rüegg', 'Silvie', 2012, '8732', 'Neuhaus', 'Lenzikon 32C'),
(227, 'Balsiger Diggelmann', 'Jordis', 2011, '8735', 'St. Gallenkappel', 'Rickenstr. 3'),
(228, 'Duttwyler', 'Louis', 2011, '8733', 'Eschenbach', 'Alpenblickstr. 34'),
(229, 'Oberlin', 'Jana', 2011, '8735', 'St. Gallenkappel', 'Rüeterswilerstr. 37'),
(230, 'Rankin', 'Rosie', 2011, '8733', 'Eschenbach', 'Mythenstr. 56'),
(231, 'Bürli', 'Kaja', 2011, '8733', 'Eschenbach', 'Gerenstr. 17'),
(232, 'Bartolo', 'Melina', 2011, '8733', 'Eschenbach', 'Mythenstr. 44'),
(233, 'Taverner', 'Mia', 2011, '8733', 'Eschenbach', 'Gerenstr. 15'),
(234, 'Mazhoud', 'Lina', 2011, '8733', 'Eschenbach', 'Hofacker 1'),
(235, 'Ulrich', 'Sarina', 2011, '8733', 'Eschenbach', 'Gerenstr. 23'),
(236, 'Sert', 'Asya', 2011, '8733', 'Eschenbach', 'Mythenstr. 18'),
(237, 'Spiegelberg', 'Jael', 2011, '8733', 'Eschenbach', 'Lehmgruebstr. 9'),
(238, 'Roth', 'Lina', 2011, '8733', 'Eschenbach', 'Twirrenstr. 39'),
(239, 'Blöchlinger', 'Fiona', 2010, '8733', 'Eschenbach', 'Rickenstr. 10'),
(240, 'Morina', 'Vanessa', 2010, '8733', 'Eschenbach', 'Rickenstr. 8'),
(241, 'Sehuter', 'Aurora', 2010, '8733', 'Eschenbach', 'Gerenstr. 10'),
(242, 'Zuppiger', 'Nomi', 2010, '8733', 'Eschenbach', 'Lütschbach 60'),
(243, 'Ballinari', 'Léa', 2010, '8733', 'Eschenbach', 'Gerenstr. 3'),
(244, 'Aeschbacher', 'Laura', 2010, '8734', 'Ermenswil', 'Dreierwaldstr. 22'),
(245, 'Büsser', 'Lea', 2010, '8733', 'Eschenbach', 'Mythenstr. 16'),
(246, 'Grazia', 'Aurora', 2010, '8733', 'Eschenbach', 'Schmerikonerstr. 8b'),
(247, 'Bernet', 'Sarah', 2010, '8733', 'Eschenbach', 'Büel 35'),
(248, 'Föllmi', 'Jael', 2010, '8733', 'Eschenbach', 'Twirrenstr. 41'),
(249, 'Brändli', 'Fabia', 2010, '8733', 'Eschenbach', 'Alpenblickstr. 20'),
(250, 'Bussinger', 'Amelie', 2010, '8733', 'Eschenbach', 'Uetenberg 9'),
(251, 'Rüegg', 'Rahel', 2010, '8735', 'Rüeterswil', 'Au 49'),
(252, 'Kistler', 'Melina', 2010, '8733', 'Eschenbach', 'Gerenstr. 18'),
(253, 'Betschart', 'Mia', 2010, '8733', 'Eschenbach', 'Mythenstr. 5'),
(254, 'Schiess', 'Samanta', 2010, '8733', 'Eschenbach', 'Twirrenstr. 38'),
(255, 'Deres', 'Sidona', 2010, '8735', 'St. Gallenkappel', 'Rickenstr. 32'),
(256, 'Oberholzer', 'Siana', 2010, '8733', 'Eschenbach', 'Rütistr. 31'),
(257, 'Lüthi', 'Anja', 2010, '8733', 'Eschenbach', 'Mythenstr. 57'),
(258, 'Mangger', 'Jael', 2010, '8733', 'Eschenbach', 'Mythenstr. 2'),
(259, 'Mächler', 'Daria Melina', 2009, '8732', 'Neuhaus', 'Rickenstr. 11'),
(260, 'Scherrer', 'Carla', 2009, '8735', 'St. Gallenkappel', 'Holzgasse 11'),
(261, 'Krieg', 'Sina', 2009, '8733', 'Eschenbach', 'Wiesengrünstr. 2'),
(262, 'Ibraimi', 'Anisa', 2009, '8733', 'Eschenbach', 'Kirchgasse 1'),
(263, 'Wenger', 'Vanessa', 2009, '8733', 'Eschenbach', 'Rietstr. 38'),
(264, 'Balsiger Diggelmann', 'Robine', 2009, '8735', 'St. Gallenkappel', 'Rickenstr. 3'),
(265, 'Hanselmann', 'Jana', 2009, '8733', 'Eschenbach', 'Dorfstr. 20'),
(266, 'Furrer', 'Anouk', 2009, '8733', 'Eschenbach', 'Wiesengrünstr. 8'),
(267, 'Bussinger', 'Larissa', 2009, '8733', 'Eschenbach', 'Uetenberg 9'),
(268, 'Bartolo', 'Lorena', 2009, '8733', 'Eschenbach', 'Mythenstr. 44'),
(269, 'Herzog', 'Amélie', 2009, '8733', 'Eschenbach', 'Mühlestr. 3'),
(270, 'Wolf', 'Pascale', 2009, '8733', 'Eschenbach', 'Alpenblickstr. 28'),
(271, 'Zubler', 'Maëlle', 2009, '8733', 'Eschenbach', 'Mythenstr. 48'),
(272, 'Duttwyler', 'Lea', 2009, '8733', 'Eschenbach', 'Alpenblickstr. 20'),
(273, 'Bartolo', 'Elisa', 2009, '8733', 'Eschenbach', 'Mythenstr. 44'),
(274, 'Konegger', 'Lilly', 2009, '8733', 'Eschenbach', 'Bildstöcklistr. 3'),
(275, 'Widmer', 'Livia', 2009, '8733', 'Eschenbach', 'Dorfstr. 15'),
(276, 'Jud', 'Julia', 2009, '8733', 'Eschenbach', 'Farnenbüel 3'),
(277, 'Rüegg', 'Julie', 2009, '8732', 'Neuhaus', 'Lenzikon 32C'),
(278, 'Gübeli', 'Viviane', 2009, '8733', 'Eschenbach', 'Mythenstr. 53'),
(279, 'Villiger', 'Janice', 2009, '8733', 'Eschenbach', 'Mythenstr. 29'),
(280, 'Morger', 'Lina', 2009, '8733', 'Eschenbach', 'Mythenstr. 18'),
(281, 'Tezel', 'Lara', 2009, '8734', 'Ermenswil', 'Rössliweg 4'),
(282, 'Gubelmann', 'Julia', 2008, '8733', 'Eschenbach', 'Büel 43'),
(283, 'Esra', 'Abduli', 2008, '8734', 'Ermenswil', 'Rösslihalde 3'),
(284, 'Rüegg', 'Noelia', 2008, '8735', 'Rüeterswil', 'Niederdorf 157'),
(285, 'Oberholzer', 'Angelina', 2008, '8733', 'Eschenbach', 'Rütistr. 31'),
(286, 'Schuler', 'Aline', 2008, '8733', 'Eschenbach', 'Chappelistr. 1a'),
(287, 'Reichmuth', 'Mara', 2008, '8733', 'Eschenbach', 'Speerstr. 40'),
(288, 'Rüegg', 'Elina', 2008, '8735', 'Rüeterswil', 'Schwendi 68'),
(289, 'Jud', 'Leonie', 2008, '8733', 'Eschenbach', 'Farnenbüel 3'),
(290, 'Giampietro', 'Mara', 2008, '8733', 'Eschenbach', 'Gerenstr. 14'),
(291, 'Artho', 'Jael', 2008, '8734', 'Ermenswil', 'Dreierwaldstr. 14'),
(292, 'Dietziker', 'Alessia', 2008, '8732', 'Neuhaus', 'Walderstr. 23'),
(293, 'Kuster', 'Chantal', 2008, '8733', 'Eschenbach', 'Rüti'),
(294, 'Ulrich', 'Adriana', 2008, '8733', 'Eschenbach', 'Gerenstr. 23'),
(295, 'Hörtig', 'Sinja', 2008, '8733', 'Eschenbach', 'Hofacker 7'),
(296, 'Findeisen', 'Enya', 2008, '8735', 'St. Gallenkappel', 'Gwadt 9'),
(297, 'Mirzai', 'Sogand', 2008, '8732', 'Neuhaus', 'Rickenstr. 15'),
(298, 'Bernet', 'Ladina', 2008, '8733', 'Eschenbach', 'Büel 35'),
(299, 'Hohl', 'Selina', 2008, '8733', 'Eschenbach', 'Sternenhalde 11 / Diemberg'),
(300, 'Erni', 'Fiorella', 2008, '8735', 'St. Gallenkappel', 'Gerndingerstr. 28'),
(301, 'Ringleb', 'Ella', 2008, '8733', 'Eschenbach', 'Rickenstr. 8'),
(302, 'Bonderer', 'Silvana', 2008, '8732', 'Neuhaus', 'Hirzlistr. 3'),
(303, 'Zwyssig', 'Zoé', 2008, '8733', 'Eschenbach', 'Rietstr. 36'),
(304, 'Afshar', 'Atina', 2008, '8732', 'Neuhaus', 'Rickenstr. 15'),
(305, 'Dietziker', 'Fabienne', 2007, '8733', 'Eschenbach', 'Büechliberg 17'),
(306, 'Mariani', 'Larissa', 2007, '8734', 'Ermenswil', 'Dorfweg 10'),
(307, 'Zuppiger', 'Fiona', 2007, '8732', 'Neuhaus', 'Wäldlistr. 3'),
(308, 'Wildhaber', 'Janina', 2007, '8732', 'Neuhaus', 'Letzistr. 18'),
(309, 'Villiger', 'Laurine', 2007, '8733', 'Eschenbach', 'Mythenstr. 29'),
(310, 'Popov', 'Charlize', 2007, '8733', 'Eschenbach', 'Schrennenstr. 19'),
(311, 'Staub', 'Alexandra', 2007, '8732', 'Neuhaus', 'Brunnenstr. 4a'),
(312, 'Aeschbacher', 'Nina', 2007, '8734', 'Ermenswil', 'Dreierwaldstr. 22'),
(313, 'Gebert', 'Emma', 2007, '8733', 'Eschenbach', 'Alpenblickstr. 2'),
(314, 'Bachmann', 'Sara', 2007, '8732', 'Neuhaus', 'Brunnenstr. 15 / Bürg'),
(315, 'Zuppiger', 'Kristin', 2007, '8733', 'Eschenbach', 'Lütschbach 60'),
(316, 'Zuppiger', 'Kristin', 2007, '8733', 'Eschenbach', 'Lütschbach 60'),
(317, 'Zuppiger', 'Kristin', 2007, '8733', 'Eschenbach', 'Lütschbach 60'),
(318, 'Krieg', 'Lena', 2007, '8733', 'Eschenbach', 'Wiesengrünstr. 2'),
(319, 'Rüegg', 'Leonie', 2007, '8732', 'Neuhaus', 'Bürgstr. 6'),
(320, 'Zwicky', 'Joy', 2007, '8734', 'Ermenswil', 'Lütschbachstr. 40'),
(321, 'Yesilcayir', 'Ceren', 2007, '8733', 'Eschenbach', 'Binzenstr. 1'),
(322, 'Wolf', 'Alexandra', 2007, '8733', 'Eschenbach', 'Alpenblickstr. 28'),
(323, 'Allemann', 'Jasmine', 2007, '8733', 'Eschenbach', 'Dorfstr. 17'),
(324, 'Fritsche', 'Meret', 2007, '8733', 'Eschenbach', 'Steinenbrugg 13'),
(325, 'Schiess', 'Samira', 2007, '8733', 'Eschenbach', 'Twirrenstr. 38'),
(326, 'Ballaman', 'Aleyna', 2006, '8734', 'Ermenswil', 'Haselwiesstr. 11'),
(327, 'Gadient', 'Alessia', 2006, '8733', 'Eschenbach', 'Schönenweg 13'),
(328, 'Hohl', 'Alisha', 2006, '8733', 'Eschenbach', 'Sernenhalde 11 / Diemberg'),
(329, 'Gjykaj', 'Melisa', 2006, '8733', 'Eschenbach', 'Rapperswilerstr. 7'),
(330, 'Kuster', 'Rahel', 2006, '8732', 'Neuhaus', 'Jakobstr. 10'),
(331, 'Gantenbein', 'Madlaina', 2006, '8733', 'Eschenbach', 'Lehmgruebstr. 1'),
(332, 'Büeler', 'Noelia', 2006, '8733', 'Eschenbach', 'Mythenstr. 32'),
(333, 'Furrer', 'Nora', 2006, '8733', 'Eschenbach', 'Wiesengrünstr. 8'),
(334, 'Memisi', 'Ermira', 2006, '8733', 'Eschenbach', 'Mühlestr. 3'),
(335, 'Raschle', 'Fiona', 2006, '8732', 'Neuhaus', 'Hirzlistr. 5'),
(336, 'Baur', 'Joëlle', 2006, '8733', 'Eschenbach', 'Mythenstrasse'),
(337, 'Widmer', 'Carol', 2006, '8733', 'Eschenbach', 'Kirchweg 1'),
(338, 'Brägger', 'Celine', 2006, '8733', 'Eschenbach', 'Mythenstr. 59'),
(339, 'Gmür', 'Zoé', 2006, '8733', 'Eschenbach', 'Schmerikonerstr. 14'),
(340, 'Schilter', 'Lynn', 2006, '8733', 'Eschenbach', 'Speerstr. 36'),
(341, 'Büsser', 'Laura', 2005, '8733', 'Eschenbach', 'Rickenstr. 8'),
(342, 'Müller', 'Nicole', 2006, '8735', 'Rüeterswil', 'Obermatten 20'),
(343, 'Zwicker', 'Ladina', 2005, '8733', 'Eschenbach', 'Wiesengrünstr. 4'),
(344, 'Lillo', 'Selina', 2005, '8733', 'Eschenbach', 'Lütschbach 18'),
(345, 'Terracciano', 'Emily', 2005, '8733', 'Eschenbach', 'Rütistr. 15'),
(346, 'Rüegg', 'Nathalie', 2005, '8732', 'Neuhaus', 'Bürgstr. 6'),
(347, 'Staub', 'Stephania', 2005, '8732', 'Neuhaus', 'Brunnenstr. 4a'),
(348, 'Rüegg', 'Michelle', 2005, '8735', 'Rüeterswil', 'Schwendi 68'),
(349, 'Trottner', 'Daniela', 2005, '8732', 'Neuhaus', 'Kapellweg 4'),
(350, 'Schubiger', 'Lorena', 2005, '8733', 'Eschenbach', 'Blessmülistr. 2'),
(351, 'Saseenthiran', 'Tharshanaa', 2005, '8735', 'St. Gallenkappel', 'Rüeterswilstr. 43'),
(352, 'Tomasi', 'Maura', 2004, '8733', 'Eschenbach', 'Rietstr. 20'),
(353, 'Widmer', 'Juliana', 2004, '8733', 'Eschenbach', 'Kirchweg 1'),
(354, 'Saseenthiran', 'Mademidda', 2004, '8735', 'St. Gallenkappel', 'Rüeterswilstr. 43'),
(355, 'Zuppiger', 'Melina', 2004, '8732', 'Neuhaus', 'Wäldlistr. 3'),
(356, 'De Cia', 'Vanessa', 2004, '8733', 'Eschenbach', 'Mythenstr. 50'),
(357, 'Baur', 'Yanick', 2009, '8733', 'Eschenbach', 'Mythenstr. 8'),
(358, 'Morger', 'Joa', 2012, '8733', 'Eschenbach', 'Mythenstr. 18'),
(359, 'Nagel', 'Aïcha', 2003, '8732', 'Neuhaus', 'Aatal 1'),
(360, 'Königer', 'Lara', 2004, '8735', 'St. Gallenkappel', 'Kreuzwiesstr. 13'),
(361, 'Rüegg', 'Gina', 2012, '8733', 'Eschenbach', 'Rietstr. 26c'),
(362, 'Rüegg', 'Lian', 2008, '8733', 'Eschenbach', 'Rietstr. 26c'),
(363, 'Von der Linde', 'Leonel', 2013, '8735', 'St. Gallenkappel', 'Betzikon 16'),
(364, 'Von der Linde', 'Dario', 2010, '8735', 'St. Gallenkappel', 'Betzikon 16'),
(365, 'von der Linde', 'Marlon', 2010, '8735', 'St.Gallenkappeln', 'Betzikon 16'),
(366, 'Baur', 'Lukas', 2012, '8733', 'Eschenbach', 'Mythenstr. 8'),
(367, 'Laugelli', 'Angelina', 2013, '8733', 'Eschenbach', 'Mythenstr. 31'),
(368, 'Schwizer', 'Jan', 2010, '8733', 'Eschenbach SG', 'Mytenstrasse 54'),
(369, 'Zubler', 'Noée', 2012, '8733', 'Eschenbach', 'Mythenstr. 48'),
(370, 'Scherrer', 'Josephine', 2011, '8735', 'St. Gallenkappel', 'Holzgasse 11'),
(371, 'Blöchlinger', 'Lorena', 2014, '8733', 'Eschenbach SG', 'Rickenstrasse 10'),
(372, 'Gjykaj', 'Leonida', 2003, '8733', 'Eschenbach', 'Rapperswilerstr. 7'),
(373, 'Gjykaj', 'Leon', 2012, '8733', 'Eschenbach SG', 'Rapperswilerstrasse 7'),
(374, 'Steiger', 'Travis', 2007, '8735', 'St. Gallenkappel', 'Sonnenrainstr. 6'),
(375, 'Duttwyler', 'Lucien', 2014, '8733', 'Eschenbach SG', 'Alpenblickstr. 34'),
(376, 'Lischer', 'Melina', 2014, '8733', 'Eschenbach', 'Speerstr. 3'),
(377, 'Spiegelberg', 'Enya', 2014, '8733', 'Eschenbach SG', 'Lehmgruuebstrasse 1'),
(378, 'Klominsky', 'Olivia', 2011, '8732', 'Neuhaus', 'Brunnenstr. 4b'),
(379, 'Klominsky', 'Tim', 2013, '8732', 'Neuhaus', 'Brunnenstr. 4b'),
(380, 'Kretz', 'Ron', 2012, '8735', 'St.Gallenkappel', 'Rüterswilerstr. 15'),
(381, 'Müller', 'Fabian', 2012, '8732', 'Neuhaus', 'Letzistr. 7b / Bürg'),
(382, 'Föllmi', 'Niklas', 2013, '8733', 'Eschenbach', 'Twirrenstr. 41'),
(383, 'Knecht', 'Fabrice', 2011, '8638', 'Goldingen', 'Bürgstrasse 23'),
(384, 'Giger', 'Rebeca', 2010, '8727', 'Walde', 'Oberricken 320'),
(385, 'Giger', 'Riana', 2006, '8727', 'Walde', 'oberricken 320'),
(386, 'Ahmed', 'Mohamed', 2012, '8733', 'Eschenbach', 'Kirchackerweg 6'),
(387, 'Ahmed', 'Maher', 2014, '8733', 'Eschenbach', 'Kirchackerweg 6'),
(388, 'Rüegg', 'Philipp', 2003, '8732', 'Neuhaus', 'Bürgstr. 6'),
(389, 'Roth', 'Malea', 2012, '8733', 'Eschenbach SG', 'Mytenstrasse 3'),
(390, 'Mächler', 'Jana', 2012, '8733', 'Eschenbach', 'Rütistr. 2'),
(391, 'Fioretti', 'Zoé', 2013, '8733', 'Eschenbach', 'Rütistr. 26'),
(392, 'Rankin', 'Eddie', 2013, '8733', 'Eschenbach SG', 'Mytenstrasse'),
(393, 'Strohmeier', 'Carol', 1978, '8733', 'Eschenbach', 'Mythenstr. 27'),
(394, 'Knabel', 'Lynn', 2014, '8733', 'Eschenbach SG', 'Steinenbrugg 11'),
(395, 'Othman', 'Omar', 2013, '8734', 'Ermenswil', 'Rütistr. 21'),
(396, 'Haas', 'Lina', 2013, '8733', 'Eschenbach', 'Twirrenstr. 35'),
(397, 'Bachmann', 'Levin', 2012, '8733', 'Eschenbach SG', 'Twirrenstrasse 43'),
(398, 'Rüegg', 'Alea', 2014, '8733', 'Eschenbach', 'Bildstöcklistr. 3'),
(399, 'Rodriguez', 'Lean', 2008, '8735', 'St.Gallenkappel', 'Rickenstr. 25'),
(400, 'Gadient', 'Leandro', 2004, '8733', 'Eschenbach', 'Schmerikonerstr. 10'),
(401, 'zwicki', 'Lara', 2012, '8735', 'St.Gallenkappel', 'Kreuzwisstr. 15'),
(402, 'Zwicky', 'Stella', 2012, '8735', 'St. Gallenkappel', 'Kreuzwiesstr. 15'),
(403, 'Rüegg', 'Corina', 2010, '8735', 'St. Gallenkappel', 'Würzengässli 12'),
(404, 'Taverner', 'Dario', 2013, '8733', 'Eschenbach SG', 'Gerenstr. 15'),
(405, 'Oberlin', 'Joya', 2014, '8735', 'St. Gallenkappel', 'Rüeterswilerstr. 37'),
(406, 'Iten', 'Alena', 2011, '8733', 'Eschenbach SG', 'Mythenstr. 45'),
(407, 'Lämmler', 'Anic', 2012, '8735', 'St. Gallenkappel', 'Vogelherstr. 6'),
(408, 'Teuber', 'Samira', 2005, '8735', 'Rüeterswil', 'Obermatten 6'),
(409, 'Kerim', 'Safran', 2013, '8733', 'Eschenbach', 'Gütschweg 17'),
(410, 'Gadient', 'Ayleen', 2010, '8733', 'Eschenbach', 'Schmerikonerstr. 14'),
(411, 'Tschümperlin', 'Robin', 2007, '8735', 'St.Gallenkappel', 'Kronenstr.10'),
(412, 'Büsser', 'Elina', 2010, '8733', 'Eschenbach', 'Rütistr. 32'),
(413, 'Fäh', 'Marco', 2011, '8733', 'Eschenbach SG', 'im Schönenberg 2'),
(414, 'Rüegg', 'Anian', 2008, '8735', 'Rüeterswil', 'Au 49'),
(415, 'Santoro', 'Alessia', 2011, '8733', 'Eschenbach SG', 'schrennenstrasse 9'),
(416, 'Guntlin', 'Alina', 2011, '8733', 'Eschenbach', 'Steinenbrugg 15'),
(417, 'Oberholzer', 'Svenja', 2004, '8735', 'St.Gallenkappel', 'Guadt 4'),
(418, 'Oberholzer', 'Leana', 2010, '8735', 'St. Gallenkappel', 'Gwadt 4'),
(419, 'Bürgler', 'Svenja', 2008, '8733', 'Eschenbach', 'Speerstr. 3'),
(420, 'Dietziker', 'Janis', 2005, '8732', 'Neuhaus', 'Walderstr. 23'),
(421, 'Artho', 'Alissia', 2003, '8735', 'St. Gallenkappel', 'Kirchbodenst. 9'),
(422, 'Sahli', 'Batu', 2010, '8733', 'Eschenbach SG', 'Gütschweg 17'),
(423, 'Lüthy', 'Sirina', 2009, '8733', 'Eschenbach SG', 'Mytenstr. 7'),
(424, 'Gübeli', 'Jannik', 2003, '8733', 'Eschenbach', 'Diemberg 11'),
(425, 'Büsser', 'Amelia', 2009, '8733', 'Eschenbach SG', 'Mytenstr. 56'),
(426, 'Jäger', 'Sebastian', 2004, '8732', 'Neuhaus', 'Lettenstr. 21'),
(427, 'Büsser', 'Nico', 2007, '8733', 'Eschenbach SG', 'Mytenstr. 56'),
(428, 'Bachmann', 'Jenny', 2002, '8732', 'Bürg', 'Brunnenstr. 15'),
(429, 'Bonderer', 'Laura', 2004, '8732', 'Neuhaus', 'Hirzlistr.3'),
(430, 'Winiger', 'Jara', 2006, '8733', 'Eschenbach SG', 'Hofacker 3'),
(431, 'Reichmuth', 'Andrin', 2003, '8733', 'Eschenbach', 'Speerstr. 40'),
(432, 'Erni', 'Natalie', 1982, '8735', 'St.Gallenkappel', 'Gerendingerstr. 28'),
(433, 'Sprecher', 'Mia', 2011, '8640', 'Rapperswil', 'Oberseestr. 17'),
(434, 'Sprecher', 'Arina', 2005, '8640', 'Rapperswil', 'Oberseestr. 17'),
(435, 'Sprecher', 'Livia', 2008, '8640', 'Rapperswil', 'Oberseestrasse 17'),
(436, 'Kuster', 'Marilena', 2001, '8733', 'Eschenbach', 'Unt. Rössliwiese 6'),
(437, 'Mächler', 'Carmen', 1977, '8732', 'Neuhaus', 'Rickenstr. 11'),
(438, 'Blöchlinger', 'Reto', 1976, '', 'Eschenbach', ''),
(439, 'Wiederkehr', 'Chris', 1973, '', '-', ''),
(440, 'Roth', 'Olivia', 1984, '', '-', ''),
(441, 'Roth', 'Andrea', 1983, '', '-', ''),
(442, 'Brucherseifer', 'Christian', 1991, '8732', 'Neuhaus', 'Wäldlistr. 14'),
(443, 'Baumgartner', 'Rico', 1997, '8733', 'Eschenbach', 'Mythenstr. 57'),
(444, 'Rüegg', 'Ralph', 1973, '', '-', ''),
(445, 'Giampietro', 'Francesco', 0000, '', '-', ''),
(446, 'Sprecher', 'Franz', 1967, '', '-', ''),
(447, 'Oberholzer', 'Marco', 1977, '', '-', ''),
(448, 'Oberlin', 'Marco', 1982, '', '-', ''),
(449, 'Rodriguez', 'Louis', 1982, '', '-', ''),
(450, 'Eisenring', 'Thomas', 1981, '', '-', ''),
(451, 'Ulrich', 'Simon', 1977, '', '-', ''),
(452, 'Nicht am Start', '-', 0000, '', '-', ''),
(453, 'Nicht am Start', '-', 0000, '', '-', ''),
(454, 'Wiederkehr', 'Evelyne', 1978, '-', '-', '-'),
(455, 'Fioretti', 'Cornelia', 1982, '-', '-', '-'),
(456, 'Brändli', 'Claudio', 1979, '-', '-', '-'),
(457, 'Morger', 'Markus', 1973, '-', '-', '-'),
(458, 'Giampietro', 'Francesca', 1978, '8733', 'Eschenbach SG', 'Gerenstrasse'),
(459, 'Blöchlinger', 'Claudia', 1978, '-', '-', '-'),
(460, 'Büsser', 'Manuela', 1984, '8638', 'Goldingen', 'Dorfstr. 23'),
(461, 'Lämmler', 'Claudia', 1979, '8735', 'St.Gallenkappel', 'Vogelherdstrasse'),
(462, 'Blöchlinger', 'Fränzi', 1979, '8638', 'Goldingen', 'Lindenstrasse 15'),
(463, 'Fioretti', 'Roger', 1977, '8734', 'Ermenswil', '-'),
(464, 'Bachmann', 'Lilian', 1981, '8733', 'Eschenbach SG', 'Twirrenstrasse 43'),
(465, 'Büsser', 'Andrea', 1979, '-', '-', '-'),
(466, 'Egli', 'Rita', 1974, '-', '-', '-'),
(467, 'Spiegelberg', 'Mario', 1976, '-', '-', '-'),
(468, 'Guntlin', 'Michael', 1976, '-', '-', '-'),
(469, 'Dietziker', 'Alfred', 1973, '-', '-', '-'),
(470, 'Widmer', 'Christa', 1981, '-', '-', '-'),
(471, 'Roman', 'Egli', 1973, '', '-', ''),
(472, 'Gubelmann', 'Reto', 1975, '-', '-', '-'),
(473, 'Zubler', 'Markus', 1972, '-', '-', '-'),
(474, 'Steiner', 'Ronja', 2011, '8645', 'Jona', 'Meiengartenstr. 7'),
(475, 'Müller', 'Marianne', 1980, '8734', 'Ermenswil', 'Bachstrasse'),
(476, 'Büsser', 'Roland', 1972, '8735', 'St. Gallenkappel', 'Bergweg 2'),
(477, 'Wildhaber', 'Stefan', 1979, '-', '-', '-'),
(478, 'Bernet', 'Pascal', 1977, '8733', 'Eschenbach', 'Gerenstr. 21'),
(479, 'Resegatti', 'Selina', 1992, '8640', 'Rapperswil', 'Alte Jonerstr. 47'),
(480, 'Wespe', 'Livia', 2002, '', 'Schmerikon', ''),
(481, 'Schadegg', 'Eveline', 1998, '8727', 'Walde', '-'),
(482, 'Zahner', 'Corina', 1996, '', 'Eschenbach', ''),
(483, 'Müller', 'Thomas', 1980, '-', '-', '-'),
(484, 'Blöchlinger', 'Roland', 1966, '8733', 'Eschenbach', 'Büechliberg 6'),
(485, '-', 'Maran', 0000, '', '-', ''),
(486, 'Zahner', 'Dominik', 2001, '8733', 'Eschenbach SG', 'Schrennenstr. 3'),
(487, 'Jud', 'Michael', 1985, '-', 'Uznach', '-'),
(488, 'Zahner', 'Reto', 1967, '8733', 'Eschenbach SG', 'Schrennenstr. 3'),
(489, 'Zahner', 'Reto', 1967, '8733', 'Eschenbach SG', 'Schrennenstr. 3');

-- --------------------------------------------------------

--
-- Tabellenstruktur für Tabelle `teacher`
--

CREATE TABLE IF NOT EXISTS `teacher` (
`teacher_id` int(11) NOT NULL,
  `last_active_year` int(11) DEFAULT NULL,
  `fs_person` int(11) NOT NULL
) ENGINE=InnoDB AUTO_INCREMENT=50 DEFAULT CHARSET=latin1;

--
-- Daten für Tabelle `teacher`
--

INSERT INTO `teacher` (`teacher_id`, `last_active_year`, `fs_person`) VALUES
(7, 2016, 29),
(8, 2016, 30),
(9, 2016, 31),
(10, 2016, 32),
(11, 2016, 33),
(12, 2016, 34),
(13, 2016, 35),
(14, 2016, 36),
(15, 2016, 37),
(16, 2016, 38),
(17, 2016, 39),
(18, 2016, 40),
(19, 2016, 41),
(20, 2016, 42),
(21, 2016, 43),
(22, 2016, 44),
(23, 2016, 45),
(24, 2016, 46),
(25, 2016, 47),
(26, 2016, 48),
(27, 2016, 49),
(28, 2016, 50),
(29, 2016, 51),
(30, 2016, 52),
(31, 2016, 53),
(32, 2016, 54),
(33, 2016, 55),
(34, 2016, 56),
(35, 2016, 57),
(36, 2016, 58),
(37, 2016, 59),
(38, 2016, 60),
(39, 2016, 61),
(40, 2016, 62),
(41, 2016, 63),
(42, 2016, 64),
(43, 2016, 65),
(44, 2016, 66),
(45, 2016, 67),
(46, 2016, 68),
(47, 2016, 69),
(48, 2016, 70),
(49, 2016, 71);

-- --------------------------------------------------------

--
-- Tabellenstruktur für Tabelle `user`
--

CREATE TABLE IF NOT EXISTS `user` (
`user_id` int(11) NOT NULL,
  `username` varchar(50) NOT NULL,
  `password` varchar(50) NOT NULL,
  `usertype` int(11) NOT NULL
) ENGINE=InnoDB AUTO_INCREMENT=12 DEFAULT CHARSET=latin1;

--
-- Daten für Tabelle `user`
--

INSERT INTO `user` (`user_id`, `username`, `password`, `usertype`) VALUES
(3, 'admin', 'rootdse', 1),
(6, 'Benutzer', 'user', 2),
(7, 'Speaker', 'start', 5),
(8, 'Erfasser', 'erfasser', 4),
(9, 'zahner', 'reto', 3),
(10, 'Regen', 'wetter', 2),
(11, 'Speaker2', 'test', 5);

--
-- Indizes der exportierten Tabellen
--

--
-- Indizes für die Tabelle `category`
--
ALTER TABLE `category`
 ADD PRIMARY KEY (`category_id`), ADD KEY `fs_event` (`fs_event`);

--
-- Indizes für die Tabelle `class`
--
ALTER TABLE `class`
 ADD PRIMARY KEY (`class_id`), ADD KEY `fs_teacher` (`fs_teacher`), ADD KEY `fs_event` (`fs_event`);

--
-- Indizes für die Tabelle `event`
--
ALTER TABLE `event`
 ADD PRIMARY KEY (`event_id`);

--
-- Indizes für die Tabelle `laptimes`
--
ALTER TABLE `laptimes`
 ADD PRIMARY KEY (`laptime_id`), ADD KEY `fs_Participant` (`fs_participant`);

--
-- Indizes für die Tabelle `participants`
--
ALTER TABLE `participants`
 ADD PRIMARY KEY (`participant_id`), ADD KEY `fs_person` (`fs_person`), ADD KEY `fs_class` (`fs_class`), ADD KEY `fs_category` (`fs_category`), ADD KEY `fs_event` (`fs_event`);

--
-- Indizes für die Tabelle `person`
--
ALTER TABLE `person`
 ADD PRIMARY KEY (`person_id`);

--
-- Indizes für die Tabelle `teacher`
--
ALTER TABLE `teacher`
 ADD PRIMARY KEY (`teacher_id`), ADD KEY `fs_person` (`fs_person`);

--
-- Indizes für die Tabelle `user`
--
ALTER TABLE `user`
 ADD PRIMARY KEY (`user_id`);

--
-- AUTO_INCREMENT für exportierte Tabellen
--

--
-- AUTO_INCREMENT für Tabelle `category`
--
ALTER TABLE `category`
MODIFY `category_id` int(11) NOT NULL AUTO_INCREMENT,AUTO_INCREMENT=27;
--
-- AUTO_INCREMENT für Tabelle `class`
--
ALTER TABLE `class`
MODIFY `class_id` int(11) NOT NULL AUTO_INCREMENT,AUTO_INCREMENT=54;
--
-- AUTO_INCREMENT für Tabelle `event`
--
ALTER TABLE `event`
MODIFY `event_id` int(11) NOT NULL AUTO_INCREMENT,AUTO_INCREMENT=16;
--
-- AUTO_INCREMENT für Tabelle `laptimes`
--
ALTER TABLE `laptimes`
MODIFY `laptime_id` int(11) NOT NULL AUTO_INCREMENT,AUTO_INCREMENT=422;
--
-- AUTO_INCREMENT für Tabelle `participants`
--
ALTER TABLE `participants`
MODIFY `participant_id` int(11) NOT NULL AUTO_INCREMENT,AUTO_INCREMENT=441;
--
-- AUTO_INCREMENT für Tabelle `person`
--
ALTER TABLE `person`
MODIFY `person_id` int(11) NOT NULL AUTO_INCREMENT,AUTO_INCREMENT=490;
--
-- AUTO_INCREMENT für Tabelle `teacher`
--
ALTER TABLE `teacher`
MODIFY `teacher_id` int(11) NOT NULL AUTO_INCREMENT,AUTO_INCREMENT=50;
--
-- AUTO_INCREMENT für Tabelle `user`
--
ALTER TABLE `user`
MODIFY `user_id` int(11) NOT NULL AUTO_INCREMENT,AUTO_INCREMENT=12;
--
-- Constraints der exportierten Tabellen
--

--
-- Constraints der Tabelle `category`
--
ALTER TABLE `category`
ADD CONSTRAINT `category_ibfk_1` FOREIGN KEY (`fs_event`) REFERENCES `event` (`event_id`);

--
-- Constraints der Tabelle `class`
--
ALTER TABLE `class`
ADD CONSTRAINT `class_ibfk_1` FOREIGN KEY (`fs_teacher`) REFERENCES `teacher` (`teacher_id`),
ADD CONSTRAINT `class_ibfk_2` FOREIGN KEY (`fs_event`) REFERENCES `event` (`event_id`);

--
-- Constraints der Tabelle `laptimes`
--
ALTER TABLE `laptimes`
ADD CONSTRAINT `laptimes_ibfk_1` FOREIGN KEY (`fs_participant`) REFERENCES `participants` (`participant_id`);

--
-- Constraints der Tabelle `participants`
--
ALTER TABLE `participants`
ADD CONSTRAINT `participants_ibfk_1` FOREIGN KEY (`fs_person`) REFERENCES `person` (`person_id`),
ADD CONSTRAINT `participants_ibfk_2` FOREIGN KEY (`fs_class`) REFERENCES `class` (`class_id`),
ADD CONSTRAINT `participants_ibfk_3` FOREIGN KEY (`fs_category`) REFERENCES `category` (`category_id`),
ADD CONSTRAINT `participants_ibfk_4` FOREIGN KEY (`fs_event`) REFERENCES `event` (`event_id`);

--
-- Constraints der Tabelle `teacher`
--
ALTER TABLE `teacher`
ADD CONSTRAINT `teacher_ibfk_1` FOREIGN KEY (`fs_person`) REFERENCES `person` (`person_id`);

/*!40101 SET CHARACTER_SET_CLIENT=@OLD_CHARACTER_SET_CLIENT */;
/*!40101 SET CHARACTER_SET_RESULTS=@OLD_CHARACTER_SET_RESULTS */;
/*!40101 SET COLLATION_CONNECTION=@OLD_COLLATION_CONNECTION */;
